Date,Rank,Title,Artist,Featured_Artists,Days_On_Chart,Peak_Position,Peak_Count,Daily_Streams,Streams_Change,Seven_Day_Streams,Seven_Day_Change,Total_Streams,Source
2025-10-31,2,chẳng phải tình đầu sao đau đến thế,MIN,"Dangrangto, antransax",7,3,1,137486,9747,767007,133598,767007,SPOTIFY
2025-10-31,3,Không Buông,Hngle,Ari,58,2,18,125202,570,900087,-1671,6227205,SPOTIFY
2025-10-31,4,In Love,Low G,JustaTee,8,2,2,124781,14923,739348,91715,789334,SPOTIFY
2025-10-31,7,Em,Binz,,4,10,1,89351,84373,241466,84373,241466,SPOTIFY
2025-10-31,8,Exit Sign,HIEUTHUHAI,marzuz,603,3,1,88788,-1407,637978,-1370,53721940,SPOTIFY
2025-10-31,9,Mo,Vũ Cát Tường,,1129,4,1,88523,85078,594868,5260,37336565,SPOTIFY
2025-10-31,10,Nắng có mang em về,Shartnuss,"Tr.D, Phankeo",623,4,1,87308,89923,593147,2630,26203747,SPOTIFY
2025-10-31,11,Âm Thầm Bên Em,Sơn Tùng M-TP,,1835,4,1,85403,83098,583429,12711,43789295,SPOTIFY
2025-10-31,12,Wrong Times,Puppy,Dangrangto,712,3,16,83359,-1916,563596,5261,48779724,SPOTIFY
2025-10-31,13,Chuyện Đôi Ta,Emcee L (Da LAB),Muộii (Starry Night),1428,2,7,82317,-9903,494996,-8408,67823531,SPOTIFY
2025-10-31,14,một đời,14 Casper,"Bon Nghiêm, buitruonglinh",577,10,1,78630,66954,495913,1217,30427778,SPOTIFY
2025-10-31,15,Anh Đã Không Biết Cách Yêu Em,Quang Đăng Trần,,88,8,1,77676,81931,559053,2036,5359771,SPOTIFY
2025-10-31,16,NGƯỜI NHƯ ANH XỨNG ĐÁNG CÔ ĐƠN,ANH TRAI SAY HI,"Vũ Cát Tường, Karik, Negav, Ngô Kiến Huy, Jey B",31,2,5,76738,3031,528265,-11879,3534865,SPOTIFY
2025-10-31,17,KHÔNG ĐAU NỮA RỒI,EM XINH SAY HI,"52Hz, Orange, Châu Bùi, Mỹ Mỹ, Pháp Kiều",129,1,1,73569,2320,493002,-471,10899531,SPOTIFY
2025-10-31,18,Phép Màu,MAYDAYs,Minh Tốc & Lam,248,2,12,72912,92,562302,9394,22242992,SPOTIFY
2025-10-31,19,Ngàn Năm Ánh Sáng,Đặng Vĩnh Thịnh,BMZ,84,5,1,72665,71393,416736,23317,5453344,SPOTIFY
2025-10-31,20,Lý Do Nào Để Quay Lại Với Nhau,PAR SG,New$oulZ,386,8,1,72588,57779,430416,-5313,10920184,SPOTIFY
2025-10-31,21,vạn vật như muốn ta bên nhau,RIO,,202,4,1,72468,68299,519313,-2324,14270485,SPOTIFY
2025-10-31,22,Nói Dối,Ronboogz,,724,3,3,72122,3592,454481,-5251,27746159,SPOTIFY
2025-10-31,23,NGƯỜI ĐẦU TIÊN,EM XINH SAY HI,Juky San,72,2,1,70778,-2490,540963,2435,6389149,SPOTIFY
2025-10-31,24,DANCING IN THE DARK,SOOBIN,,231,3,8,70597,2855,499934,2831,20782291,SPOTIFY
2025-10-31,25,Không Thời Gian,Dương Domic,,38,6,1,70415,79256,506168,-1813,2885140,SPOTIFY
2025-10-31,26,vết thương,Fishy,,165,10,1,69684,73240,502596,27,8594858,SPOTIFY
2025-10-31,27,giá như,SOOBIN,,567,9,1,67278,62006,396445,3560,26920422,SPOTIFY
2025-10-31,28,Bình Yên,Vũ.,Binz,427,3,5,66104,13155,507876,23306,38743112,SPOTIFY
2025-10-31,29,Từng Ngày Yêu Em,buitruonglinh,,298,8,1,65681,76624,484516,4140,19776288,SPOTIFY
2025-10-31,30,Mất Kết Nối,Dương Domic,,342,1,2,61814,4847,400992,-1540,41397006,SPOTIFY
2025-10-31,31,Ngày Này Năm Ấy,Việt Anh,,82,11,1,59590,63328,449879,2509,4774172,SPOTIFY
2025-10-31,32,Không Thể Say,HIEUTHUHAI,,925,7,1,58002,66725,481012,3892,56506278,SPOTIFY
2025-10-31,33,Có Em,Madihu,Low G,1273,2,1,57220,-8289,397966,-383,41835785,SPOTIFY
2025-10-31,34,TIẾC CHO EM,RHYDER,,13,7,1,55225,58717,404875,6919,794511,SPOTIFY
2025-10-31,35,ANH LÀ THẰNG TỒI,Phùng Khánh Linh,,10,34,1,54900,58112,335498,31235,411826,SPOTIFY
2025-10-31,36,Buông Đôi Tay Nhau Ra,Sơn Tùng M-TP,,838,3,1,54701,-5394,471801,3183,24129757,SPOTIFY
2025-10-31,38,một bài hát không vui mấy - Extended Version,T.R.I,"Dangrangto, Donal",298,17,1,54134,49197,387718,-7857,15634817,SPOTIFY
2025-10-31,39,Nơi Này Có Anh,Sơn Tùng M-TP,,2116,7,1,53872,53754,390019,1407,31744654,SPOTIFY
2025-10-31,40,nhắn nhủ,Ronboogz,,685,9,1,53498,50350,342332,-1832,36282397,SPOTIFY
2025-10-31,41,Love is,Dangrangto,,369,7,1,51822,54196,342306,9432,23239321,SPOTIFY
2025-10-31,42,tâm trí lang thang,Ánh Sáng AZA,Negav,148,7,1,51517,41537,298749,-1381,7146854,SPOTIFY
2025-10-31,43,Nếu Ngày Ấy,SOOBIN,,307,34,1,51176,52826,371883,6671,9456845,SPOTIFY
2025-10-31,44,10 Ngàn Năm,PC,,1233,25,1,51161,46906,341226,1337,32388072,SPOTIFY
2025-10-31,45,Giờ Thì,buitruonglinh,,318,10,1,50658,50852,367405,-3056,17505491,SPOTIFY
2025-10-31,46,Sau Cơn Mưa,CoolKid,RHYDER,788,7,1,50362,44085,290289,-8819,50610763,SPOTIFY
2025-10-31,47,Sinh Ra Đã Là Thứ Đối Lập Nhau,Emcee L,"Da LAB, Badbies",1504,16,1,50159,47506,361883,-2436,51913468,SPOTIFY
2025-10-31,48,Vì Anh Đâu Có Biết,Madihu,Vũ.,1183,2,10,49445,-1711,301142,-3306,56885476,SPOTIFY
2025-10-31,49,Còn Gì Đẹp Hơn - Mưa Đỏ Original Soundtrack,Nguyễn Hùng,,93,1,1,49442,874,340502,-1149,7389306,SPOTIFY
2025-10-31,50,PHÓNG ZÌN ZÌN,tlinh,Low G,406,4,1,49023,45807,339489,-6973,33540244,SPOTIFY
2025-10-31,52,Có Đôi Điều,Shiki,,303,9,1,48842,48223,362371,-5005,20399546,SPOTIFY
2025-10-31,53,Tháng Năm,SOOBIN,,1057,5,1,48788,46060,320263,-492,19427834,SPOTIFY
2025-10-31,55,2AM,JustaTee,BigDaddy,1265,14,1,48278,44207,327360,4629,35038756,SPOTIFY
2025-10-31,56,vaicaunoicokhiennguoithaydoi,GREY D,tlinh,1228,1,6,48157,-5489,334747,-4184,57705616,SPOTIFY
2025-10-31,57,Kịch Bản,Táo,Hoàng Yến Chibi,4,58,1,47529,45202,157005,45202,157005,SPOTIFY
2025-10-31,58,Ghé Qua,PC,"Dick, tofutns",443,44,1,46660,44984,295211,9321,13254554,SPOTIFY
2025-10-31,60,Tràn Bộ Nhớ,Dương Domic,,341,5,1,45672,55836,367581,3653,22365747,SPOTIFY
2025-10-31,61,Lạ Lùng,Vũ.,,2736,12,1,45203,53583,345421,4380,39986648,SPOTIFY
2025-10-31,62,Bước Qua Mùa Cô Đơn,Vũ.,,1678,1,8,44848,-10284,320779,-9815,36715493,SPOTIFY
2025-10-31,63,Đừng Làm Trái Tim Anh Đau,Sơn Tùng M-TP,,509,1,20,44740,-1806,304652,487,49787793,SPOTIFY
2025-10-31,64,Bầu Trời Mới,Da LAB,Minh Tốc & Lam,392,6,1,44618,48566,329486,483,28247008,SPOTIFY
2025-10-31,65,Hà Nội,Obito,"Shiki, VSTRA",477,11,1,43676,38968,304140,-2897,22626380,SPOTIFY
2025-10-31,66,Love Game,Low G,tlinh,48,3,2,43421,567,359243,-12462,3126665,SPOTIFY
2025-10-31,67,1000 Ánh Mắt,Shiki,Obito,489,8,1,43252,45141,334397,2610,23722203,SPOTIFY
2025-10-31,68,ĐA NGHI,ANH TRAI SAY HI,"Negav, Hải Nam, CODYNAMVO, Dillan Hoàng Phan",17,21,1,43180,37558,262334,-5778,772634,SPOTIFY
2025-10-31,69,Không Yêu Em Thì Yêu Ai?,Vũ.,Low G,398,14,1,42320,56757,330852,8853,21197012,SPOTIFY
2025-10-31,70,Hẹn Gặp Em Dưới Ánh Trăng,MANBO,"HIEUTHUHAI, HURRYKNG",615,15,1,42256,39120,282636,-6483,28996447,SPOTIFY
2025-10-31,71,id 072019,W/N,,821,3,9,42193,-3533,336900,3512,44668674,SPOTIFY
2025-10-31,72,Hư không,Kha,,657,18,1,42082,38779,252668,7961,25696622,SPOTIFY
2025-10-31,73,Nhiều Hơn,Low G,,8,64,1,41276,44379,231296,18705,256970,SPOTIFY
2025-10-31,74,Chúng Ta Của Hiện Tại,Sơn Tùng M-TP,,1775,1,81,41086,2307,282785,-6620,57900662,SPOTIFY
2025-10-31,76,Thức Giấc,Da LAB,,1569,1,16,40591,-1410,296679,-4375,43646449,SPOTIFY
2025-10-31,77,Vai Lan Don Dua,SOOBIN,,1484,26,1,40534,35306,209694,6462,14502639,SPOTIFY
2025-10-31,78,Vet Mua,Vũ Cát Tường,,538,37,1,40237,46743,310138,2542,13531754,SPOTIFY
2025-10-31,79,Đường Tôi Chở Em Về,buitruonglinh,,1085,13,1,40088,39409,277488,-1669,18430696,SPOTIFY
2025-10-31,81,Xin Đừng Lặng Im,SOOBIN,,156,33,1,39709,37818,255238,980,5550654,SPOTIFY
2025-10-31,82,Panorama,Richie D. ICY,Obito,19,13,1,39557,44477,357317,-21893,1240891,SPOTIFY
2025-10-31,83,Thằng Điên,JustaTee,Phương Ly,1119,18,1,39289,47408,305267,5787,34156238,SPOTIFY
2025-10-31,84,Lễ Đường,Kai Đinh,,232,3,12,39042,-2949,253804,686,14625784,SPOTIFY
2025-10-31,85,Giá Mà Anh,CAPTAIN BOY,,6,69,1,39011,42165,198193,42165,198193,SPOTIFY
2025-10-31,86,Chịu Cách Mình Nói Thua,RHYDER,"Coolkid, BAN",708,4,1,38834,41626,281798,-1760,50708844,SPOTIFY
2025-10-31,88,Nếu Biết Đó Là Lần Cuối,Đức Trường,BMZ,70,73,1,38036,37839,222361,6291,1829175,SPOTIFY
2025-10-31,90,Vùng An Toàn,B Ray,V#,114,3,8,36253,-695,291295,-4463,7242520,SPOTIFY
2025-10-31,94,Dù Cho Mai Về Sau,buitruonglinh,,1667,9,1,35636,34899,258613,3197,32781432,SPOTIFY
2025-10-31,95,Em Không Cần,Hannie,,5,67,1,35458,42763,186965,42763,186965,SPOTIFY
2025-10-31,99,Sài Gòn Hôm Nay Mưa,JSOL,Hoàng Duyên,1614,2,7,34619,1541,271190,3966,46491296,SPOTIFY
2025-10-31,100,Love My Friend,Shayda,,13,53,1,34347,37348,294873,-9324,495406,SPOTIFY
2025-11-01,2,In Love,Low G,JustaTee,9,2,2,134446,-7429,794863,55515,923606,SPOTIFY
2025-11-01,3,chẳng phải tình đầu sao đau đến thế,MIN,"Dangrangto, antransax",8,2,1,128528,2847,818364,51357,903452,SPOTIFY
2025-11-01,4,Không Buông,Hngle,Ari,59,2,18,123113,3521,901073,986,6357100,SPOTIFY
2025-11-01,6,NGƯỜI ĐẦU TIÊN,EM XINH SAY HI,Juky San,73,2,1,108667,417,543968,3005,6466768,SPOTIFY
2025-11-01,7,Không Thời Gian,Dương Domic,,39,6,1,97708,76606,505462,-706,2961746,SPOTIFY
2025-11-01,8,Nắng có mang em về,Shartnuss,"Tr.D, Phankeo",624,4,1,94391,91807,596575,3428,26295554,SPOTIFY
2025-11-01,9,Em,Binz,,5,6,1,88797,96635,338101,96635,338101,SPOTIFY
2025-11-01,10,Exit Sign,HIEUTHUHAI,marzuz,604,3,1,88764,2269,636479,-1499,53812867,SPOTIFY
2025-11-01,11,Wrong Times,Puppy,Dangrangto,713,3,16,83349,7773,573695,10099,48864520,SPOTIFY
2025-11-01,12,Âm Thầm Bên Em,Sơn Tùng M-TP,,1836,4,1,83091,82365,597041,13612,43871660,SPOTIFY
2025-11-01,13,Bình Yên,Vũ.,Binz,428,3,5,82154,-3319,525007,17131,38821765,SPOTIFY
2025-11-01,14,Lý Do Nào Để Quay Lại Với Nhau,PAR SG,New$oulZ,387,8,1,81381,65716,434900,4484,10985900,SPOTIFY
2025-11-01,15,Phép Màu,MAYDAYs,Minh Tốc & Lam,249,2,12,80703,-5442,561006,-1296,22315302,SPOTIFY
2025-11-01,16,Mo,Vũ Cát Tường,,1130,4,1,80563,86677,599493,4625,37423242,SPOTIFY
2025-11-01,17,Chuyện Đôi Ta,Emcee L (Da LAB),Muộii (Starry Night,1429,2,7,78970,5452,502548,7552,67893257,SPOTIFY
2025-11-01,18,Anh Đã Không Biết Cách Yêu Em,Quang Đăng Trần,,89,8,1,77995,77601,553147,-5906,5437372,SPOTIFY
2025-11-01,19,Từng Ngày Yêu Em,buitruonglinh,,299,8,1,74028,70869,482596,-1920,19847157,SPOTIFY
2025-11-01,20,DANCING IN THE DARK,SOOBIN,,232,3,8,72920,-2254,498548,-1386,20851494,SPOTIFY
2025-11-01,21,vạn vật như muốn ta bên nhau,RIO,,203,4,1,71828,70115,507732,-11581,14340600,SPOTIFY
2025-11-01,22,Vì Anh Đâu Có Biết,Madihu,Vũ.,1184,2,10,70441,3241,301067,-75,56925245,SPOTIFY
2025-11-01,23,một đời,14 Casper,"Bon Nghiêm, buitruonglinh",578,10,1,70336,68670,496139,226,30496448,SPOTIFY
2025-11-01,24,Ngàn Năm Ánh Sáng,Đặng Vĩnh Thịnh,BMZ,85,5,1,69132,70810,442513,25777,5524154,SPOTIFY
2025-11-01,25,KHÔNG ĐAU NỮA RỒI,EM XINH SAY HI,"52Hz, Orange, Châu Bùi, Mỹ Mỹ, Pháp Kiều",130,1,1,69052,3428,493614,612,10975436,SPOTIFY
2025-11-01,26,vết thương,Fishy,,166,10,1,68457,71302,503359,763,8666160,SPOTIFY
2025-11-01,27,Nói Dối,Ronboogz,,725,3,3,66451,12266,464169,9688,27818926,SPOTIFY
2025-11-01,28,Không Thể Say,HIEUTHUHAI,,926,7,1,65249,68167,483027,2015,56574445,SPOTIFY
2025-11-01,29,Mất Kết Nối,Dương Domic,,343,1,2,63817,8398,407895,6903,41459565,SPOTIFY
2025-11-01,30,NGƯỜI NHƯ ANH XỨNG ĐÁNG CÔ ĐƠN,ANH TRAI SAY HI,"Vũ Cát Tường, Karik, Negav, Ngô Kiến Huy, Jey B",32,2,5,60761,4401,508799,-19466,3605840,SPOTIFY
2025-11-01,31,Nơi Này Có Anh,Sơn Tùng M-TP,,2117,7,1,60568,47419,383181,-6838,31792073,SPOTIFY
2025-11-01,32,Ngày Này Năm Ấy,Việt Anh,,83,11,1,58207,59482,446260,-3619,4833654,SPOTIFY
2025-11-01,33,nhắn nhủ,Ronboogz,,686,9,1,57665,50856,345827,3495,36333253,SPOTIFY
2025-11-01,34,ANH LÀ THẰNG TỒI,Phùng Khánh Linh,,11,34,1,56708,57960,361116,25618,469786,SPOTIFY
2025-11-01,35,Tràn Bộ Nhớ,Dương Domic,,342,5,1,55559,46334,366028,-1553,22412081,SPOTIFY
2025-11-01,36,Buông Đôi Tay Nhau Ra,Sơn Tùng M-TP,,839,3,1,55094,318,477508,5707,24193635,SPOTIFY
2025-11-01,37,giá như,SOOBIN,,568,9,1,54832,65195,403459,7014,26985617,SPOTIFY
2025-11-01,38,Kịch Bản,Táo,Hoàng Yến Chibi,5,56,1,54091,48200,205205,48200,205205,SPOTIFY
2025-11-01,39,Love is,Dangrangto,,370,7,1,54023,52027,345980,3674,23291348,SPOTIFY
2025-11-01,40,Thức Giấc,Da LAB,,1570,1,16,53516,-3244,284188,-12491,43682234,SPOTIFY
2025-11-01,41,TIẾC CHO EM,RHYDER,,14,7,1,52771,50553,391218,-13657,845064,SPOTIFY
2025-11-01,42,Còn Gì Đẹp Hơn - Mưa Đỏ Original Soundtrack,Nguyễn Hùng,,94,1,1,52722,3535,342578,2076,7439384,SPOTIFY
2025-11-01,44,một bài hát không vui mấy - Extended Version,T.R.I,"Dangrangto, Donal",299,17,1,51358,60445,395307,7589,15695262,SPOTIFY
2025-11-01,45,Có Em,Madihu,Low G,1274,2,1,51267,-1896,396634,-1332,41883711,SPOTIFY
2025-11-01,46,10 Ngàn Năm,PC,,1234,25,1,50900,52031,348673,7447,32440103,SPOTIFY
2025-11-01,48,Giờ Thì,buitruonglinh,,319,10,1,50298,46437,357577,-9828,17551928,SPOTIFY
2025-11-01,49,Có Đôi Điều,Shiki,,304,9,1,50143,51463,360190,-2181,20451009,SPOTIFY
2025-11-01,50,Hà Nội,Obito,"Shiki, VSTRA",478,11,1,49607,40145,303716,-424,22666525,SPOTIFY
2025-11-01,51,2AM,JustaTee,BigDaddy,1266,14,1,48990,47142,333304,5944,35085898,SPOTIFY
2025-11-01,52,Không Yêu Em Thì Yêu Ai?,Vũ.,Low G,399,14,1,48529,48237,333703,2851,21245249,SPOTIFY
2025-11-01,53,Nếu Ngày Ấy,SOOBIN,,308,34,1,48300,50287,371053,-830,9507132,SPOTIFY
2025-11-01,54,vaicaunoicokhiennguoithaydoi,GREY D,tlinh,1229,1,6,47632,7072,341845,7098,57755318,SPOTIFY
2025-11-01,55,Lạ Lùng,Vũ.,,2737,12,1,47535,48481,344170,-1251,40035129,SPOTIFY
2025-11-01,57,Sinh Ra Đã Là Thứ Đối Lập Nhau,Emcee L,"Da LAB, Badbies",1505,16,1,47262,50447,360466,-1417,51963915,SPOTIFY
2025-11-01,58,PHÓNG ZÌN ZÌN,tlinh,Low G,407,4,1,47051,51562,341274,1785,33591806,SPOTIFY
2025-11-01,59,tâm trí lang thang,Ánh Sáng AZA,Negav,149,7,1,47027,48245,307943,9194,7195099,SPOTIFY
2025-11-01,60,Tháng Năm,SOOBIN,,1058,5,1,46463,48781,319479,-784,19476615,SPOTIFY
2025-11-01,61,Chịu Cách Mình Nói Thua,RHYDER,"Coolkid, BAN",709,4,1,46078,37138,277161,-4637,50745982,SPOTIFY
2025-11-01,62,Love Game,Low G,tlinh,49,3,2,44580,1836,347571,-11672,3174141,SPOTIFY
2025-11-01,64,Vet Mua,Vũ Cát Tường,,539,37,1,43883,46602,317707,7569,13578356,SPOTIFY
2025-11-01,65,id 072019,W/N,,822,3,9,43788,4973,337666,766,44719027,SPOTIFY
2025-11-01,66,Bầu Trời Mới,Da LAB,Minh Tốc & Lam,393,6,1,43397,48242,336987,7501,28295250,SPOTIFY
2025-11-01,67,Đừng Làm Trái Tim Anh Đau,Sơn Tùng M-TP,,510,1,20,43162,486,302988,-1664,49829065,SPOTIFY
2025-11-01,68,Nắng Ấm Trong Tim,Duongg,Dadeon,4,73,1,43020,40952,124471,40952,124471,SPOTIFY
2025-11-01,69,1000 Ánh Mắt,Shiki,Obito,490,8,1,42907,50308,336410,2013,23772511,SPOTIFY
2025-11-01,70,ĐỢI,52Hz,"WEAN, RIO",466,40,1,42706,41393,253934,9490,15057097,SPOTIFY
2025-11-01,71,Đường Tôi Chở Em Về,buitruonglinh,,1086,13,1,42643,40402,274314,-3174,18471098,SPOTIFY
2025-11-01,72,Bước Qua Mùa Cô Đơn,Vũ.,,1679,1,8,42546,-2918,314536,-6243,36757079,SPOTIFY
2025-11-01,73,tình yêu chậm trễ,MONSTAR,,1037,39,1,42241,41278,275673,-561,28804253,SPOTIFY
2025-11-01,74,Sau Cơn Mưa,CoolKid,RHYDER,789,7,1,42167,52476,295929,5640,50663239,SPOTIFY
2025-11-01,75,Giá Mà Anh,CAPTAIN BOY,,7,69,1,42147,37676,235869,37676,235869,SPOTIFY
2025-11-01,76,Thằng Điên,JustaTee,Phương Ly,1120,18,1,41049,43832,307432,2165,34200070,SPOTIFY
2025-11-01,77,Vùng An Toàn,B Ray,V#,115,3,8,40332,2599,292206,911,7285015,SPOTIFY
2025-11-01,79,Nếu Biết Đó Là Lần Cuối,Đức Trường,BMZ,71,73,1,39684,40394,228322,5961,1869569,SPOTIFY
2025-11-01,80,Hẹn Gặp Em Dưới Ánh Trăng,MANBO,"HIEUTHUHAI, HURRYKNG",616,15,1,39463,45059,282299,-337,29041506,SPOTIFY
2025-11-01,81,Chúng Ta Của Hiện Tại,Sơn Tùng M-TP,,1776,1,81,38993,-328,273822,-8963,57937922,SPOTIFY
2025-11-01,83,Panorama,Richie D. ICY,Obito,20,13,1,38202,40607,336838,-20479,1281498,SPOTIFY
2025-11-01,84,Vai Lan Don Dua,SOOBIN,,1485,26,1,0,39033,221063,11369,14541672,SPOTIFY
2025-11-01,86,Xin Đừng Lặng Im,SOOBIN,,157,33,1,37698,37006,254749,-489,5587660,SPOTIFY
2025-11-01,87,Lễ Đường,Kai Đinh,,233,3,12,37584,705,256427,2623,14663198,SPOTIFY
2025-11-01,89,E Là Không Thể,Anh Quân Idol,,132,57,1,36776,38984,282079,6140,3966682,SPOTIFY
2025-11-01,90,Đã Lỡ Yêu Em Nhiều,JustaTee,,943,70,1,36399,35764,251771,-2361,15456287,SPOTIFY
2025-11-01,92,Love My Friend,Shayda,,14,53,1,35944,35628,284038,-10835,531034,SPOTIFY
2025-11-01,95,Nếu Những Tiếc Nuối,Vũ.,,190,34,1,35769,35032,252400,2520,6878317,SPOTIFY
2025-11-01,96,Ngày Mai Em Đi,Lê Hiếu,"SOOBIN, Touliver",1661,2,5,35651,0,146611,2467,15857549,SPOTIFY
2025-11-01,97,dự báo thời tiết hôm nay mưa,GREY D,,1073,5,1,35084,36836,262543,-4275,35187937,SPOTIFY
2025-11-01,98,Anh Muốn Nhìn Thấy Em,The Wind,Dangrangto,320,51,1,34588,34975,230930,1974,10102560,SPOTIFY
2025-11-01,99,Người Bình Thường,Vũ Cát Tường,,235,43,1,34542,37402,251554,2929,6993067,SPOTIFY
2025-11-03,2,chẳng phải tình đầu sao đau đến thế,MIN,"Dangrangto, antransax",10,2,2,151267,-8958,879022,35682,1169466,SPOTIFY
2025-11-03,3,In Love,Low G,JustaTee,11,2,3,140598,9665,863401,50814,1182833,SPOTIFY
2025-11-03,4,Không Buông,Hngle,Ari,61,2,18,126663,-2089,893430,-6483,6605415,SPOTIFY
2025-11-03,6,NGƯỜI ĐẦU TIÊN,EM XINH SAY HI,Juky San,75,2,1,116042,37889,567475,29669,6646213,SPOTIFY
2025-11-03,6,Người Đầu Tiên,Juky San,buitruonglinh,2,88,1,116042,37525,72737,37525,72737,SPOTIFY
2025-11-03,7,Em,Binz,,7,6,1,105354,88797,516249,88797,516249,SPOTIFY
2025-11-03,8,Không Thời Gian,Dương Domic,,41,6,1,95679,97708,536850,32320,3129869,SPOTIFY
2025-11-03,9,Wrong Times,Puppy,Dangrangto,715,3,16,94803,-10,573352,-3746,49031228,SPOTIFY
2025-11-03,10,Từng Ngày Yêu Em,buitruonglinh,,301,8,1,90881,74028,493322,13575,19986866,SPOTIFY
2025-11-03,11,Nắng có mang em về,Shartnuss,"Tr.D, Phankeo",626,4,1,84027,94391,610619,-1245,26477253,SPOTIFY
2025-11-03,12,Âm Thầm Bên Em,Sơn Tùng M-TP,,1838,4,1,82240,83091,593391,-11592,44040154,SPOTIFY
2025-11-03,13,Phép Màu,MAYDAYs,Minh Tốc & Lam,251,2,12,81176,7791,552594,-4315,22468917,SPOTIFY
2025-11-03,14,NGƯỜI NHƯ ANH XỨNG ĐÁNG CÔ ĐƠN,ANH TRAI SAY HI,"Vũ Cát Tường, Karik, Negav, Ngô Kiến Huy, Jey B",34,2,5,80728,-15977,478353,-19305,3743339,SPOTIFY
2025-11-03,15,Chuyện Đôi Ta,Emcee L (Da LAB),Muộii (Starry Night,1431,2,7,79059,-3347,518313,-5860,68054544,SPOTIFY
2025-11-03,16,Anh Đã Không Biết Cách Yêu Em,Quang Đăng Trần,,91,8,1,78019,77995,544878,-2530,5593043,SPOTIFY
2025-11-03,17,Mo,Vũ Cát Tường,,1132,4,1,78013,80563,595443,-7029,37592328,SPOTIFY
2025-11-03,18,KHÔNG ĐAU NỮA RỒI,EM XINH SAY HI,"52Hz, Orange, Châu Bùi, Mỹ Mỹ, Pháp Kiều",132,1,1,73434,-4517,499619,4438,11118057,SPOTIFY
2025-11-03,19,Exit Sign,HIEUTHUHAI,marzuz,606,3,1,73310,-24,627487,-2032,53990419,SPOTIFY
2025-11-03,20,vết thương,Fishy,,168,10,1,72445,68457,492349,-7477,8804301,SPOTIFY
2025-11-03,21,vạn vật như muốn ta bên nhau,RIO,,205,4,1,71952,71828,496798,-5771,14484896,SPOTIFY
2025-11-03,22,DANCING IN THE DARK,SOOBIN,,234,3,8,68359,2323,498661,2921,20995011,SPOTIFY
2025-11-03,23,Lý Do Nào Để Quay Lại Với Nhau,PAR SG,New$oulZ,389,8,1,66341,81381,457160,16792,11139869,SPOTIFY
2025-11-03,24,Nói Dối,Ronboogz,,727,3,3,66189,-5671,460256,-6516,27957499,SPOTIFY
2025-11-03,25,Bình Yên,Vũ.,Binz,430,3,5,66120,16050,515558,6219,38970023,SPOTIFY
2025-11-03,26,Không Thể Say,HIEUTHUHAI,,928,7,1,65817,65249,467256,-5285,56697696,SPOTIFY
2025-11-03,27,Có Em,Madihu,Low G,1276,2,1,64912,-5953,384689,-9081,41992198,SPOTIFY
2025-11-03,28,Ngàn Năm Ánh Sáng,Đặng Vĩnh Thịnh,BMZ,87,5,1,64125,69132,472503,6183,5665951,SPOTIFY
2025-11-03,29,giá như,SOOBIN,,570,9,1,59857,54832,412269,2647,27107727,SPOTIFY
2025-11-03,30,vaicaunoicokhiennguoithaydoi,GREY D,tlinh,1231,1,6,59140,-525,334369,-9843,57851107,SPOTIFY
2025-11-03,31,Giờ Thì,buitruonglinh,,321,10,1,57962,50298,354286,-3224,17652884,SPOTIFY
2025-11-03,32,một đời,14 Casper,"Bon Nghiêm, buitruonglinh",580,10,1,57392,70336,489041,-8545,30645414,SPOTIFY
2025-11-03,33,Nếu Ngày Ấy,SOOBIN,,310,34,1,56764,48300,363544,-5568,9606608,SPOTIFY
2025-11-03,34,Vì Anh Đâu Có Biết,Madihu,Vũ.,1186,2,10,56180,20996,325379,19669,57045131,SPOTIFY
2025-11-03,35,TIẾC CHO EM,RHYDER,,16,7,1,56036,52771,389918,-4826,953060,SPOTIFY
2025-11-03,37,Ngày Này Năm Ấy,Việt Anh,,85,11,1,54505,58207,431743,-9023,4951451,SPOTIFY
2025-11-03,39,Tràn Bộ Nhớ,Dương Domic,,344,5,1,53773,55559,363022,1883,22513312,SPOTIFY
2025-11-03,40,tâm trí lang thang,Ánh Sáng AZA,Negav,151,7,1,53280,47027,326510,5637,7293643,SPOTIFY
2025-11-03,41,Mất Kết Nối,Dương Domic,,345,1,2,53225,2003,406251,-1132,41585196,SPOTIFY
2025-11-03,43,một bài hát không vui mấy - Extended Version,T.R.I,"Dangrangto, Donal",301,17,1,52307,51358,372733,-11620,15800754,SPOTIFY
2025-11-03,44,ANH LÀ THẰNG TỒI,Phùng Khánh Linh,,13,34,1,51353,56708,388049,14042,581394,SPOTIFY
2025-11-03,45,Buông Đôi Tay Nhau Ra,Sơn Tùng M-TP,,841,3,1,50826,393,447891,-15693,24303430,SPOTIFY
2025-11-03,46,Love is,Dangrangto,,372,7,1,50091,54023,357555,3714,23397193,SPOTIFY
2025-11-03,47,Bước Qua Mùa Cô Đơn,Vũ.,,1681,1,8,49817,-2302,306838,-3665,36844473,SPOTIFY
2025-11-03,48,10 Ngàn Năm,PC,,1236,25,1,49519,50900,347666,-2965,32542164,SPOTIFY
2025-11-03,49,Không Yêu Em Thì Yêu Ai?,Vũ.,Low G,401,14,1,49416,48529,335436,4249,21336098,SPOTIFY
2025-11-03,50,nhắn nhủ,Ronboogz,,688,9,1,49158,57665,360170,7737,36444416,SPOTIFY
2025-11-03,51,Anh Muốn Nhìn Thấy Em,The Wind,Dangrangto,322,51,1,48853,34588,231724,914,10171173,SPOTIFY
2025-11-03,52,2AM,JustaTee,BigDaddy,1268,14,1,48843,48990,335693,-2324,35183166,SPOTIFY
2025-11-03,55,Chịu Cách Mình Nói Thua,RHYDER,"Coolkid, BAN",711,4,1,47187,46078,290387,9514,50830894,SPOTIFY
2025-11-03,56,Nơi Này Có Anh,Sơn Tùng M-TP,,2119,7,1,46927,60568,382417,1925,31906513,SPOTIFY
2025-11-03,57,Lạ Lùng,Vũ.,,2739,12,1,46730,47535,341921,1059,40127867,SPOTIFY
2025-11-03,58,Love Game,Low G,tlinh,51,3,2,45363,1159,322009,-9571,3262142,SPOTIFY
2025-11-03,59,dự báo thời tiết hôm nay mưa,GREY D,,1075,5,1,45267,35084,251027,-7705,35254684,SPOTIFY
2025-11-03,60,Kịch Bản,Táo,Hoàng Yến Chibi,7,38,1,45115,54091,306825,54091,306825,SPOTIFY
2025-11-03,61,Sau Cơn Mưa,CoolKid,RHYDER,791,7,1,44831,42167,310953,5652,50755768,SPOTIFY
2025-11-03,62,Thằng Điên,JustaTee,Phương Ly,1122,18,1,44809,41049,298450,-5248,34280408,SPOTIFY
2025-11-03,63,PHÓNG ZÌN ZÌN,tlinh,Low G,409,4,1,44683,47051,334125,-5375,33687880,SPOTIFY
2025-11-03,64,id 072019,W/N,,824,3,9,44217,1595,326217,-1630,44805008,SPOTIFY
2025-11-03,65,Có Đôi Điều,Shiki,,306,9,1,44176,50143,350262,-4579,20549994,SPOTIFY
2025-11-03,66,Còn Gì Đẹp Hơn - Mưa Đỏ Original Soundtrack,Nguyễn Hùng,,96,1,1,43602,3280,345720,2482,7541548,SPOTIFY
2025-11-03,67,tình yêu chậm trễ,MONSTAR,,1039,39,1,43360,42241,280224,6502,28880632,SPOTIFY
2025-11-03,68,Sinh Ra Đã Là Thứ Đối Lập Nhau,Emcee L,"Da LAB, Badbies",1507,16,1,42497,47262,356650,-5607,52061336,SPOTIFY
2025-11-03,69,Vùng An Toàn,B Ray,V#,117,3,8,41810,4079,284392,-1993,7361600,SPOTIFY
2025-11-03,70,E Là Không Thể,Anh Quân Idol,,134,51,1,41771,36776,284659,-6770,4052410,SPOTIFY
2025-11-03,71,Đã Lỡ Yêu Em Nhiều,JustaTee,,945,70,1,41434,36399,248951,-2371,15533548,SPOTIFY
2025-11-03,73,Nắng Ấm Trong Tim,Duongg,Dadeon,6,68,1,41168,43020,207353,43020,207353,SPOTIFY
2025-11-03,75,Thức Giấc,Da LAB,,1572,1,16,40967,12925,294177,14781,43776341,SPOTIFY
2025-11-03,76,Cho Mình Em,Binz,Đen,703,27,1,40770,37982,226411,10653,9012216,SPOTIFY
2025-11-03,77,Nếu Biết Đó Là Lần Cuối,Đức Trường,BMZ,73,73,1,39960,39684,255214,16471,1947289,SPOTIFY
2025-11-03,79,Lễ Đường,Kai Đinh,,235,3,12,39484,-1458,265161,4129,14739824,SPOTIFY
2025-11-03,80,Xin Đừng Lặng Im,SOOBIN,,159,33,1,39401,37698,257613,883,5665067,SPOTIFY
2025-11-03,81,1000 Ánh Mắt,Shiki,Obito,492,8,1,39339,42907,320865,-7986,23858670,SPOTIFY
2025-11-03,82,Sài Gòn Hôm Nay Mưa,JSOL,Hoàng Duyên,1617,2,7,38981,1617,258451,-5303,46596601,SPOTIFY
2025-11-03,83,Tháng Năm,SOOBIN,,1060,5,1,38746,46463,317115,-2800,19571866,SPOTIFY
2025-11-03,84,ĐỢI,52Hz,"WEAN, RIO",468,40,1,38678,42706,260425,7599,15132402,SPOTIFY
2025-11-03,85,Hà Nội,Obito,"Shiki, VSTRA",480,11,1,38089,49607,311212,4320,22759808,SPOTIFY
2025-11-03,86,Đừng Làm Trái Tim Anh Đau,Sơn Tùng M-TP,,512,1,20,37916,-1578,295970,-3694,49916967,SPOTIFY
2025-11-03,87,Bầu Trời Mới,Da LAB,Minh Tốc & Lam,395,6,1,37730,43397,334218,-1075,28383265,SPOTIFY
2025-11-03,90,Nếu Những Tiếc Nuối,Vũ.,,192,34,1,36904,35769,249899,-1226,6945373,SPOTIFY
2025-11-03,92,Vet Mua,Vũ Cát Tường,,541,37,1,36402,43883,310344,-2377,13662476,SPOTIFY
2025-11-03,95,Dù Cho Mai Về Sau,buitruonglinh,,1670,9,1,36104,35934,241270,-6500,32886026,SPOTIFY
2025-11-03,96,ex's hate me Pt.2,AMEE,,484,67,1,0,35241,239481,3778,13346640,SPOTIFY
2025-11-03,96,Người Bình Thường,Vũ Cát Tường,,237,43,1,35589,34542,248067,-1509,7061316,SPOTIFY
2025-11-03,97,nếu lúc đó,tlinh,2pillz,976,1,17,35554,1999,260269,-4933,59293664,SPOTIFY
2025-11-03,98,Chúng Ta Của Hiện Tại,Sơn Tùng M-TP,,1778,1,81,35353,-2093,266222,-3931,58018001,SPOTIFY
2025-11-03,99,Hẹn Gặp Em Dưới Ánh Trăng,MANBO,"HIEUTHUHAI, HURRYKNG",618,15,1,34723,39463,284640,2072,29123225,SPOTIFY
2025-11-04,2,chẳng phải tình đầu sao đau đến thế,MIN,"Dangrangto, antransax",13,2,5,160960,9693,993905,37109,1627314,SPOTIFY
2025-11-04,3,In Love,Low G,JustaTee,14,2,3,134336,-6262,949210,7558,1596843,SPOTIFY
2025-11-04,4,Không Buông,Hngle,Ari,64,2,18,126512,-151,887134,708,6987965,SPOTIFY
2025-11-04,5,NGƯỜI ĐẦU TIÊN,EM XINH SAY HI,Juky San,78,2,1,124293,8251,691549,44601,7003496,SPOTIFY
2025-11-04,5,Người Đầu Tiên,Juky San,buitruonglinh,5,28,0,124293,8670,237769,61566,237769,SPOTIFY
2025-11-04,6,Em,Binz,,10,6,0,120609,15255,678388,47938,835481,SPOTIFY
2025-11-04,8,Âm Thầm Bên Em,Sơn Tùng M-TP,,1841,4,0,91632,9392,586437,6884,44292634,SPOTIFY
2025-11-04,9,Không Thời Gian,Dương Domic,,44,6,0,91176,-4503,609019,12418,3414903,SPOTIFY
2025-11-04,10,Từng Ngày Yêu Em,buitruonglinh,,304,8,0,89732,-1149,550574,9047,20250238,SPOTIFY
2025-11-04,11,Wrong Times,Puppy,Dangrangto,718,3,16,89099,-5704,594729,10160,49297430,SPOTIFY
2025-11-04,12,Mo,Vũ Cát Tường,,1135,4,0,87445,9432,588715,6009,37840202,SPOTIFY
2025-11-04,13,Exit Sign,HIEUTHUHAI,marzuz,609,3,1,85068,11758,598617,-4997,54231899,SPOTIFY
2025-11-04,14,Nắng có mang em về,Shartnuss,"Tr.D, Phankeo",629,4,0,84383,356,631006,5975,26744830,SPOTIFY
2025-11-04,15,Chuyện Đôi Ta,Emcee L (Da LAB),Muộii (Starry Night),1434,2,7,78341,-718,519072,4164,68278329,SPOTIFY
2025-11-04,16,Bình Yên,Vũ.,Binz,433,3,5,78240,12120,533415,9423,39194555,SPOTIFY
2025-11-04,17,Anh Đã Không Biết Cách Yêu Em,Quang Đăng Trần,,94,8,0,76119,-1900,546636,991,5824476,SPOTIFY
2025-11-04,18,Phép Màu,MAYDAYs,Minh Tốc & Lam,254,2,12,74154,-7022,549392,-3506,22714632,SPOTIFY
2025-11-04,19,KHÔNG ĐAU NỮA RỒI,EM XINH SAY HI,"52Hz, Orange, Châu Bùi, Mỹ Mỹ, Pháp Kiều",135,1,1,72629,-805,511458,2472,11338512,SPOTIFY
2025-11-04,20,DANCING IN THE DARK,SOOBIN,,237,3,8,70634,2275,500305,2032,21211139,SPOTIFY
2025-11-04,21,vết thương,Fishy,,171,10,0,68641,-3804,497863,-231,9019481,SPOTIFY
2025-11-04,22,Không Thể Say,HIEUTHUHAI,,931,7,0,66708,891,462577,-232,56902130,SPOTIFY
2025-11-04,23,Ngàn Năm Ánh Sáng,Đặng Vĩnh Thịnh,BMZ,90,5,0,66577,2452,471863,4974,5853814,SPOTIFY
2025-11-04,24,Lý Do Nào Để Quay Lại Với Nhau,PAR SG,New$oulZ,392,8,0,65470,-871,480765,7885,11343170,SPOTIFY
2025-11-04,25,NGƯỜI NHƯ ANH XỨNG ĐÁNG CÔ ĐƠN,ANH TRAI SAY HI,"Vũ Cát Tường, Karik, Negav, Ngô Kiến Huy, Jey B",37,2,5,64611,-16117,482549,1068,3950840,SPOTIFY
2025-11-04,26,vạn vật như muốn ta bên nhau,RIO,,208,4,0,63611,-8341,493243,-9251,14695429,SPOTIFY
2025-11-04,29,Sinh Ra Đã Là Thứ Đối Lập Nhau,Emcee L,"Da LAB, Badbies",1510,16,0,60136,17639,348646,8542,52214608,SPOTIFY
2025-11-04,30,Nói Dối,Ronboogz,,730,3,3,60109,-6080,464586,3200,28150244,SPOTIFY
2025-11-04,31,một đời,14 Casper,"Bon Nghiêm, buitruonglinh",583,10,0,59800,2408,468684,-3998,30829508,SPOTIFY
2025-11-04,32,giá như,SOOBIN,,573,9,0,59676,-181,423452,-1798,27281868,SPOTIFY
2025-11-04,33,Buông Đôi Tay Nhau Ra,Sơn Tùng M-TP,,844,3,1,59505,8679,401194,-9449,24467391,SPOTIFY
2025-11-04,35,Giờ Thì,buitruonglinh,,324,10,0,58409,447,364293,3842,17818932,SPOTIFY
2025-11-04,36,Vì Anh Đâu Có Biết,Madihu,Vũ.,1189,2,10,56694,514,374956,18455,57223904,SPOTIFY
2025-11-04,37,Mất Kết Nối,Dương Domic,,348,1,2,56391,3166,417430,7077,41760275,SPOTIFY
2025-11-04,38,Có Em,Madihu,Low G,1279,2,1,55034,-9878,391599,-3077,42177562,SPOTIFY
2025-11-04,39,id 072019,W/N,,827,3,9,54974,10757,328017,6061,44951311,SPOTIFY
2025-11-04,40,ANH LÀ THẰNG TỒI,Phùng Khánh Linh,,16,32,0,54581,3228,394661,-1464,748375,SPOTIFY
2025-11-04,41,TIẾC CHO EM,RHYDER,,19,7,0,54409,-1627,378113,-5936,1113907,SPOTIFY
2025-11-04,42,vaicaunoicokhiennguoithaydoi,GREY D,tlinh,1234,1,6,54387,-4753,360180,6268,58023166,SPOTIFY
2025-11-04,43,ĐOẠN KỊCH CÂM,ANH TRAI SAY HI,"CONGB, Negav, B Ray, CODYNAMVO, Pham Dinh Thai Ngan, Mỹ Mỹ",2,43,0,52553,11517,93589,52553,93589,SPOTIFY
2025-11-04,44,10 Ngàn Năm,PC,,1239,25,0,52388,2869,355066,5527,32696232,SPOTIFY
2025-11-04,45,Ngày Này Năm Ấy,Việt Anh,,88,11,0,51969,-2536,406885,-10519,5117729,SPOTIFY
2025-11-04,46,tâm trí lang thang,Ánh Sáng AZA,Negav,154,7,0,51863,-1417,342505,8611,7447822,SPOTIFY
2025-11-04,47,Nếu Ngày Ấy,SOOBIN,,313,30,0,51297,-5467,373017,-3789,9777036,SPOTIFY
2025-11-04,48,Love is,Dangrangto,,375,7,0,50964,873,366335,2343,23551460,SPOTIFY
2025-11-04,49,Có Đôi Điều,Shiki,,309,9,0,50527,6351,344207,420,20695530,SPOTIFY
2025-11-04,50,1000 Ánh Mắt,Shiki,Obito,495,8,0,49295,9956,311461,1506,23988523,SPOTIFY
2025-11-04,51,Anh Muốn Nhìn Thấy Em,The Wind,Dangrangto,325,51,0,49123,270,270401,18125,10307123,SPOTIFY
2025-11-04,52,Thức Giấc,Da LAB,,1575,1,16,49068,8101,314408,8629,43921828,SPOTIFY
2025-11-04,53,2AM,JustaTee,BigDaddy,1271,14,0,49002,159,331830,9434,35326379,SPOTIFY
2025-11-04,54,Ghé Qua,PC,"Dick, tofutns",449,44,0,48464,8905,295647,11260,13505217,SPOTIFY
2025-11-04,55,nhắn nhủ,Ronboogz,,691,9,0,48200,-958,361461,-4692,36593508,SPOTIFY
2025-11-04,56,một bài hát không vui mấy - Extended Version,T.R.I,"Dangrangto, Donal",304,17,0,47731,-4576,366795,-3899,15952415,SPOTIFY
2025-11-04,57,Tràn Bộ Nhớ,Dương Domic,,347,5,0,47579,-6194,361138,-5535,22671049,SPOTIFY
2025-11-04,58,Không Yêu Em Thì Yêu Ai?,Vũ.,Low G,404,14,0,47566,-1850,348898,-210,21489153,SPOTIFY
2025-11-04,59,Đã Lỡ Yêu Em Nhiều,JustaTee,,948,59,0,47440,6006,269726,12653,15656791,SPOTIFY
2025-11-04,60,Nơi Này Có Anh,Sơn Tùng M-TP,,2122,7,0,47399,472,367731,-8057,32058631,SPOTIFY
2025-11-04,62,PHÓNG ZÌN ZÌN,tlinh,Low G,412,4,0,46899,2216,338146,4666,33832583,SPOTIFY
2025-11-04,63,Kịch Bản,Táo,Hoàng Yến Chibi,10,38,0,46734,1619,333847,6597,445650,SPOTIFY
2025-11-04,64,Nắng Ấm Trong Tim,Duongg,Dadeon,9,64,0,45536,4368,282939,17962,335120,SPOTIFY
2025-11-04,65,Tháng Năm,SOOBIN,,1063,5,0,44886,6140,311897,5707,19693671,SPOTIFY
2025-11-04,66,Bầu Trời Mới,Da LAB,Minh Tốc & Lam,398,6,0,44308,6578,313825,-2484,28512267,SPOTIFY
2025-11-04,67,Sau Cơn Mưa,CoolKid,RHYDER,794,7,0,43913,-918,316702,182,50883380,SPOTIFY
2025-11-04,68,Lạ Lùng,Vũ.,,2742,12,0,43709,-3021,330764,-5119,40263829,SPOTIFY
2025-11-04,69,Vet Mua,Vũ Cát Tường,,544,37,0,43334,6932,303707,-1292,13788718,SPOTIFY
2025-11-04,70,Đường Tôi Chở Em Về,buitruonglinh,,1091,13,0,42949,9717,279178,5538,18670465,SPOTIFY
2025-11-04,71,Bước Qua Mùa Cô Đơn,Vũ.,,1684,1,8,42932,-6885,310998,-11856,36981987,SPOTIFY
2025-11-04,72,Đừng Làm Trái Tim Anh Đau,Sơn Tùng M-TP,,515,1,20,42805,4889,293713,213,50040720,SPOTIFY
2025-11-04,73,Còn Gì Đẹp Hơn - Mưa Đỏ Original Soundtrack,Nguyễn Hùng,,99,1,1,42004,-1598,331938,-3665,7674701,SPOTIFY
2025-11-04,74,tình yêu chậm trễ,MONSTAR,,1042,39,0,41173,-2187,285382,522,29003620,SPOTIFY
2025-11-04,75,ĐỢI,52Hz,"WEAN, RIO",471,40,0,41066,2388,274496,2523,15255473,SPOTIFY
2025-11-04,76,Thằng Điên,JustaTee,Phương Ly,1125,18,0,41033,-3776,310493,-118,34419323,SPOTIFY
2025-11-04,77,dự báo thời tiết hôm nay mưa,GREY D,,1078,5,0,40883,-4384,265795,2846,35379755,SPOTIFY
2025-11-04,78,Vùng An Toàn,B Ray,V#,120,3,8,40824,-986,283741,233,7486365,SPOTIFY
2025-11-04,79,Love Game,Low G,tlinh,54,3,2,40626,-4737,315765,-4447,3396790,SPOTIFY
2025-11-04,80,Cho Mình Em,Binz,Đen,706,27,0,40160,-610,253781,6508,9125941,SPOTIFY
2025-11-04,81,Chịu Cách Mình Nói Thua,RHYDER,"Coolkid, BAN",714,4,0,39819,-7368,297046,3517,50964264,SPOTIFY
2025-11-04,82,Sài Gòn Hôm Nay Mưa,JSOL,Hoàng Duyên,1620,2,7,39532,551,263243,2896,46716362,SPOTIFY
2025-11-04,83,Xin Đừng Lặng Im,SOOBIN,,162,33,0,39024,-377,267695,476,5780531,SPOTIFY
2025-11-04,84,Hẹn Gặp Em Dưới Ánh Trăng,MANBO,"HIEUTHUHAI, HURRYKNG",621,15,0,38803,4080,277823,596,29235150,SPOTIFY
2025-11-04,85,Hà Nội,Obito,"Shiki, VSTRA",483,11,0,38683,594,293145,-10685,22880557,SPOTIFY
2025-11-04,86,3 1 0 7,W/N,"Duongg, Nâu",1572,11,0,38478,9498,207593,16033,34403488,SPOTIFY
2025-11-04,87,Forget Me Now,Fishy,Trí Dũng,95,86,0,37935,11251,141927,14588,2382182,SPOTIFY
2025-11-04,88,Nếu Biết Đó Là Lần Cuối,Đức Trường,BMZ,76,70,0,37494,-2466,276413,2990,2067749,SPOTIFY
2025-11-04,89,Lễ Đường,Kai Đinh,,238,3,12,37452,-2032,263876,-2206,14852951,SPOTIFY
2025-11-04,90,Dù Cho Mai Về Sau,buitruonglinh,,1673,9,0,37429,1325,252642,3801,32999175,SPOTIFY
2025-11-04,91,Nhiều Hơn,Low G,,14,53,0,37339,-10430,291039,-3717,503630,SPOTIFY
2025-11-04,92,Kho Báu,TRONG,Rhymastic,82,3,9,36586,1900,236645,3755,5560672,SPOTIFY
2025-11-04,93,Khi Em Lớn,Orange,Hoàng Dũng,1410,3,2,36287,5502,140415,10179,24818288,SPOTIFY
2025-11-04,94,E Là Không Thể,Anh Quân Idol,,137,51,0,36139,-5632,274276,-2310,4167913,SPOTIFY
2025-11-04,95,Em Không Cần,Hannie,,11,67,0,35764,-5491,261565,-3185,405767,SPOTIFY
2025-11-04,96,Nếu Những Tiếc Nuối,Vũ.,,195,34,0,35754,-1150,249581,-2451,7056595,SPOTIFY
2025-11-04,97,nếu lúc đó,tlinh,2pillz,979,1,17,35564,10,255925,-836,59406605,SPOTIFY
2025-11-04,98,An Thần,Low G,Thắng,1467,1,7,35311,4548,226934,5422,44190203,SPOTIFY
2025-11-04,99,Giá Mà Anh,CAPTAIN BOY,,12,69,0,34951,5643,260904,-286,416932,SPOTIFY
2025-11-04,100,Hư không,Kha,,663,18,0,34799,-12894,285242,-3844,25943085,SPOTIFY
2025-11-05,2,chẳng phải tình đầu sao đau đến thế,MIN,"Dangrangto, antransax",14,2,6,161762,802,1022069,28164,1789076,
2025-11-05,3,Em,Binz,,11,3,1,130618,10009,724633,46245,966099,
2025-11-05,4,Không Buông,Hngle,Ari,65,2,18,128937,2425,889697,2563,7116902,
2025-11-05,6,NGƯỜI ĐẦU TIÊN,EM XINH SAY HI,Juky San,79,2,1,113497,-10796,727844,36295,7116993,
2025-11-05,6,Người Đầu Tiên,Juky San,buitruonglinh,6,24,1,113497,65553,303322,65553,303322,
2025-11-05,7,In Love,Low G,JustaTee,15,2,3,107713,-26623,915222,-33988,1704556,
2025-11-05,8,Nắng có mang em về,Shartnuss,"Tr.D, Phankeo",630,4,1,96676,96676,637759,6753,26841506,
2025-11-05,9,Wrong Times,Puppy,Dangrangto,719,3,16,93491,4392,611197,16468,49390921,
2025-11-05,10,Mo,Vũ Cát Tường,,1136,4,1,90190,90190,593827,5112,37930392,
2025-11-05,11,Không Thời Gian,Dương Domic,,45,6,1,88355,88355,618118,9099,3503258,
2025-11-05,12,Âm Thầm Bên Em,Sơn Tùng M-TP,,1842,4,1,83890,83890,587229,792,44376524,
2025-11-05,13,Exit Sign,HIEUTHUHAI,marzuz,610,3,1,83484,-1584,593443,-5174,54315383,
2025-11-05,14,một đời,14 Casper,"Bon Nghiêm, buitruonglinh",584,10,1,81154,81154,482884,14200,30910662,
2025-11-05,15,Phép Màu,MAYDAYs,Minh Tốc & Lam,255,2,12,80902,6748,552542,3150,22795534,
2025-11-05,16,Chuyện Đôi Ta,Emcee L (Da LAB),Muộii (Starry Night),1435,2,7,80680,2339,535478,16406,68359009,
2025-11-05,17,DANCING IN THE DARK,SOOBIN,,238,3,8,75138,4504,503986,3681,21286277,
2025-11-05,18,Bình Yên,Vũ.,Binz,434,3,5,71624,-6616,523067,-10348,39266179,
2025-11-05,19,KHÔNG ĐAU NỮA RỒI,EM XINH SAY HI,"52Hz, Orange, Châu Bùi, Mỹ Mỹ, Pháp Kiều",136,1,1,71019,-1610,510000,-1458,11409531,
2025-11-05,20,Từng Ngày Yêu Em,buitruonglinh,,305,8,1,70919,70919,544869,-5705,20321157,
2025-11-05,21,Anh Đã Không Biết Cách Yêu Em,Quang Đăng Trần,,95,8,1,70580,70580,535285,-11351,5895056,
2025-11-05,22,vết thương,Fishy,,172,10,1,68385,68385,493008,-4855,9087866,
2025-11-05,23,NGƯỜI NHƯ ANH XỨNG ĐÁNG CÔ ĐƠN,ANH TRAI SAY HI,"Vũ Cát Tường, Karik, Negav, Ngô Kiến Huy, Jey B",38,2,5,66973,2362,482948,399,4017813,
2025-11-05,25,Nói Dối,Ronboogz,,731,3,3,65462,5353,469547,4961,28215706,
2025-11-05,26,giá như,SOOBIN,,574,9,1,65318,65318,426764,3312,27347186,
2025-11-05,27,vạn vật như muốn ta bên nhau,RIO,,209,4,1,65173,65173,490117,-3126,14760602,
2025-11-05,28,Sinh Ra Đã Là Thứ Đối Lập Nhau,Emcee L,"Da LAB, Badbies",1511,16,1,63832,63832,364972,16326,52278440,
2025-11-05,29,ĐOẠN KỊCH CÂM,ANH TRAI SAY HI,"CONGB, Negav, B Ray, CODYNAMVO, Pham Dinh Thai Ngan, Mỹ Mỹ",3,29,1,63699,63699,157288,63699,157288,
2025-11-05,30,Ngàn Năm Ánh Sáng,Đặng Vĩnh Thịnh,BMZ,91,5,1,63350,63350,463820,-8043,5917164,
2025-11-05,31,Ngày Này Năm Ấy,Việt Anh,,89,11,1,62009,62009,405566,-1319,5179738,
2025-11-05,32,Không Thể Say,HIEUTHUHAI,,932,7,1,61576,61576,457428,-5149,56963706,
2025-11-05,33,Mất Kết Nối,Dương Domic,,349,1,2,61248,4857,424517,7087,41821523,
2025-11-05,34,Lý Do Nào Để Quay Lại Với Nhau,PAR SG,New$oulZ,393,8,1,60476,60476,483462,2697,11403646,
2025-11-05,35,Nơi Này Có Anh,Sơn Tùng M-TP,,2123,7,1,59269,59269,373246,5515,32117900,
2025-11-05,36,Nếu Ngày Ấy,SOOBIN,,314,30,1,57971,57971,378162,5145,9835007,
2025-11-05,38,TIẾC CHO EM,RHYDER,,20,7,1,57688,57688,377084,-1029,1171595,
2025-11-05,39,Giờ Thì,buitruonglinh,,325,10,1,57683,57683,371124,6831,17876615,
2025-11-05,41,một bài hát không vui mấy - Extended Version,T.R.I,"Dangrangto, Donal",305,17,1,56708,56708,374306,7511,16009123,
2025-11-05,42,Buông Đôi Tay Nhau Ra,Sơn Tùng M-TP,,845,3,1,55482,-4023,393116,-8078,24522873,
2025-11-05,43,ANH LÀ THẰNG TỒI,Phùng Khánh Linh,,17,32,1,55332,55332,391881,-2780,803707,
2025-11-05,44,id 072019,W/N,,828,3,9,55263,289,337900,9883,45006574,
2025-11-05,45,PHÓNG ZÌN ZÌN,tlinh,Low G,413,4,1,53825,53825,346164,8018,33886408,
2025-11-05,46,Có Đôi Điều,Shiki,,310,9,1,52445,52445,348429,4222,20747975,
2025-11-05,47,Love is,Dangrangto,,376,7,1,52260,52260,364399,-1936,23603720,
2025-11-05,48,vaicaunoicokhiennguoithaydoi,GREY D,tlinh,1235,1,6,52084,-2303,369634,9454,58075250,
2025-11-05,49,Không Yêu Em Thì Yêu Ai?,Vũ.,Low G,405,14,1,51585,51585,343726,-5172,21540738,
2025-11-05,50,Vì Anh Đâu Có Biết,Madihu,Vũ.,1190,2,10,50999,-5695,389427,14471,57274903,
2025-11-05,51,tâm trí lang thang,Ánh Sáng AZA,Negav,155,7,1,50632,50632,351600,9095,7498454,
2025-11-05,52,Nắng Ấm Trong Tim,Duongg,Dadeon,10,52,1,49632,49632,301233,18294,384752,
2025-11-05,54,Tràn Bộ Nhớ,Dương Domic,,348,5,1,49310,49310,354612,-6526,22720359,
2025-11-05,55,Bầu Trời Mới,Da LAB,Minh Tốc & Lam,399,6,1,48630,48630,313889,64,28560897,
2025-11-05,56,Thức Giấc,Da LAB,,1576,1,16,47929,-1139,323308,8900,43969757,
2025-11-05,57,Có Em,Madihu,Low G,1280,2,1,47445,-7589,389222,-2377,42225007,
2025-11-05,58,Sau Cơn Mưa,CoolKid,RHYDER,795,7,1,46904,46904,319521,2819,50930284,
2025-11-05,59,Lạ Lùng,Vũ.,,2743,12,1,46782,46782,323963,-6801,40310611,
2025-11-05,60,2AM,JustaTee,BigDaddy,1272,14,1,46691,46691,334314,2484,35373070,
2025-11-05,61,Đường Tôi Chở Em Về,buitruonglinh,,1092,13,1,46434,46434,286203,7025,18716899,
2025-11-05,62,10 Ngàn Năm,PC,,1240,25,1,46368,46368,354528,-538,32742600,
2025-11-05,63,1000 Ánh Mắt,Shiki,Obito,496,8,1,45549,45549,311869,408,24034072,
2025-11-05,64,Chịu Cách Mình Nói Thua,RHYDER,"Coolkid, BAN",715,4,1,45090,45090,300510,3464,51009354,
2025-11-05,65,Vet Mua,Vũ Cát Tường,,545,37,1,44549,44549,301513,-2194,13833267,
2025-11-05,66,nhắn nhủ,Ronboogz,,692,9,1,44530,44530,355641,-5820,36638038,
2025-11-05,67,Thằng Điên,JustaTee,Phương Ly,1126,18,1,44522,44522,307607,-2886,34463845,
2025-11-05,68,Còn Gì Đẹp Hơn - Mưa Đỏ Original Soundtrack,Nguyễn Hùng,,100,1,1,44087,2083,329482,-2456,7718788,
2025-11-05,69,Đã Lỡ Yêu Em Nhiều,JustaTee,,949,59,1,43425,43425,279693,9967,15700216,
2025-11-05,70,Ghé Qua,PC,"Dick, tofutns",450,44,1,43311,43311,293974,-1673,13548528,
2025-11-05,71,Tháng Năm,SOOBIN,,1064,5,1,43084,43084,308921,-2976,19736755,
2025-11-05,72,Kịch Bản,Táo,Hoàng Yến Chibi,11,38,1,42959,42959,331604,-2243,488609,
2025-11-05,73,HƠN LÀ BẠN,ANH TRAI SAY HI,"Ngô Kiến Huy, Vũ Cát Tường, Karik, VƯƠNG BÌNH, Sơn.K, Min",2,73,1,42513,42513,75699,42513,75699,
2025-11-05,74,Love Game,Low G,tlinh,55,3,2,41831,1205,311956,-3809,3438621,
2025-11-05,75,Bước Qua Mùa Cô Đơn,Vũ.,,1685,1,8,41516,-1416,308010,-2988,37023503,
2025-11-05,76,Hà Nội,Obito,"Shiki, VSTRA",484,11,1,41329,41329,295506,2361,22921886,
2025-11-05,77,Sài Gòn Hôm Nay Mưa,JSOL,Hoàng Duyên,1621,2,7,41189,1657,266255,3012,46757551,
2025-11-05,78,Anh Đã Quen Với Cô Đơn,SOOBIN,,370,59,1,40851,40851,246015,4926,8881679,
2025-11-05,79,Nhiều Hơn,Low G,,15,53,1,40690,40690,287350,-3689,544320,
2025-11-05,80,Đừng Làm Trái Tim Anh Đau,Sơn Tùng M-TP,,516,1,20,39959,-2846,292886,-827,50080679,
2025-11-05,81,dự báo thời tiết hôm nay mưa,GREY D,,1079,5,1,39810,39810,268464,2669,35419565,
2025-11-05,82,nếu lúc đó,tlinh,2pillz,980,1,17,39185,3621,261426,5501,59445790,
2025-11-05,83,Nghe Như Tình Yêu,HIEUTHUHAI,,1508,30,1,39021,39021,213574,5855,38994279,
2025-11-05,84,Simp Gái 808,Low G,,745,7,1,38926,38926,225688,4185,35012506,
2025-11-05,85,Xin Đừng Lặng Im,SOOBIN,,163,33,1,38869,38869,268746,1051,5819400,
2025-11-05,86,Chúng Ta Của Hiện Tại,Sơn Tùng M-TP,,1782,1,81,38851,5539,264646,1263,58165308,
2025-11-05,87,Người Bình Thường,Vũ Cát Tường,,241,43,1,38677,38677,246332,901,7201997,
2025-11-05,88,Hư không,Kha,,664,18,1,38585,38585,285048,-194,25981670,
2025-11-05,89,Hẹn Gặp Em Dưới Ánh Trăng,MANBO,"HIEUTHUHAI, HURRYKNG",622,15,1,38322,38322,277025,-798,29273472,
2025-11-05,90,Đến Đây Bên Anh,Cloud 5,Dangrangto,217,53,1,38259,38259,233340,7302,6849039,
2025-11-05,91,Vùng An Toàn,B Ray,V#,121,3,8,38251,-2573,282096,-1645,7524616,
2025-11-05,92,Cho Mình Em,Binz,Đen,707,27,1,37758,37758,256899,3118,9163699,
2025-11-05,93,Anh Muốn Nhìn Thấy Em,The Wind,Dangrangto,326,51,1,37513,37513,277051,6650,10344636,
2025-11-05,94,MOIEM,Dangrangto,DONAL,363,22,1,37194,37194,254643,-564,14921738,
2025-11-05,95,Bạn Đời,Karik,GDucky,763,5,1,36986,36986,251553,3877,34101959,
2025-11-05,96,ĐA NGHI,ANH TRAI SAY HI,"Negav, Hải Nam, CODYNAMVO, Dillan Hoàng Phan",24,21,1,36788,36788,255532,-770,1028166,
2025-11-05,97,Thích Quá Rùi Nà,tlinh,Trung Trần,1874,30,1,36690,36690,245130,-2483,39828834,
2025-11-05,98,tình yêu chậm trễ,MONSTAR,,1043,39,1,36557,36557,277202,-8180,29040177,
2025-11-05,99,Nếu Những Tiếc Nuối,Vũ.,,196,34,1,36468,36468,249778,197,7093063,
2025-11-05,100,Love My Friend,Shayda,,20,53,1,36197,36197,240802,-1151,736208,
2025-11-06,2,chẳng phải tình đầu sao đau đến thế,MIN,"Dangrangto, antransax",15,2,7,151796,-9966,1037420,15351,1940872
2025-11-06,3,Em,Binz,,12,3,2,130365,-253,758363,33730,1096464
2025-11-06,4,Không Buông,Hngle,Ari,66,2,18,128981,44,888783,-914,7245883
2025-11-06,5,NGƯỜI ĐẦU TIÊN,EM XINH SAY HI,Juky San,80,2,1,121152,7655,771377,43533,7238145
2025-11-06,6,In Love,Low G,JustaTee,16,2,3,113684,5971,894634,-20588,1818240
2025-11-06,8,Nắng có mang em về,Shartnuss,"Tr.D, Phankeo",631,4,0,94812,-1864,640764,3005,26936318
2025-11-06,9,Âm Thầm Bên Em,Sơn Tùng M-TP,,1843,4,0,91824,7934,596688,9459,44468348
2025-11-06,10,Wrong Times,Puppy,Dangrangto,720,3,16,90779,-2712,617180,5983,49481700
2025-11-06,11,Exit Sign,HIEUTHUHAI,marzuz,611,3,1,89252,5768,591768,-1675,54404635
2025-11-06,12,một đời,14 Casper,"Bon Nghiêm, buitruonglinh",585,10,0,88686,7532,502900,20016,30999348
2025-11-06,13,Không Thời Gian,Dương Domic,,46,6,0,88621,266,630133,12015,3591879
2025-11-06,14,Mo,Vũ Cát Tường,,1137,4,0,88450,-1740,595600,1773,38018842
2025-11-06,15,Bình Yên,Vũ.,Binz,435,3,5,87775,16151,532189,9122,39353954
2025-11-06,16,Người Đầu Tiên,Juky San,buitruonglinh,7,16,0,84929,19376,388251,84929,388251
2025-11-06,17,Anh Đã Không Biết Cách Yêu Em,Quang Đăng Trần,,96,8,0,81275,10695,538959,3674,5976331
2025-11-06,18,Chuyện Đôi Ta,Emcee L (Da LAB),Muộii (Starry Night),1436,2,7,80852,172,546604,11126,68439861
2025-11-06,19,Phép Màu,MAYDAYs,Minh Tốc & Lam,256,2,12,80105,-797,560337,7795,22875639
2025-11-06,20,vết thương,Fishy,,173,10,0,76961,8576,498667,5659,9164827
2025-11-06,21,Ngàn Năm Ánh Sáng,Đặng Vĩnh Thịnh,BMZ,92,5,0,76929,13579,469939,6119,5994093
2025-11-06,22,vạn vật như muốn ta bên nhau,RIO,,210,4,0,76711,11538,496713,6596,14837313
2025-11-06,23,Từng Ngày Yêu Em,buitruonglinh,,306,8,0,73730,2811,547730,2861,20394887
2025-11-06,24,KHÔNG ĐAU NỮA RỒI,EM XINH SAY HI,"52Hz, Orange, Châu Bùi, Mỹ Mỹ, Pháp Kiều",137,1,1,72942,1923,507037,-2963,11482473
2025-11-06,25,NGƯỜI NHƯ ANH XỨNG ĐÁNG CÔ ĐƠN,ANH TRAI SAY HI,"Vũ Cát Tường, Karik, Negav, Ngô Kiến Huy, Jey B",39,2,5,69226,2253,481199,-1749,4087039
2025-11-06,26,Nếu Ngày Ấy,SOOBIN,,315,26,0,66796,8825,394671,16509,9901803
2025-11-06,27,Không Thể Say,HIEUTHUHAI,,933,7,0,64856,3280,454117,-3311,57028562
2025-11-06,28,giá như,SOOBIN,,575,9,0,62119,-3199,423688,-3076,27409305
2025-11-06,29,Sinh Ra Đã Là Thứ Đối Lập Nhau,Emcee L,"Da LAB, Badbies",1512,16,0,60660,-3172,375185,10213,52339100
2025-11-06,30,TIẾC CHO EM,RHYDER,,21,7,0,60159,2471,386690,9606,1231754
2025-11-06,31,Lý Do Nào Để Quay Lại Với Nhau,PAR SG,New$oulZ,394,8,0,60064,-412,477810,-5652,11463710
2025-11-06,32,Nói Dối,Ronboogz,,732,3,3,59092,-6370,455872,-13675,28274798
2025-11-06,33,DANCING IN THE DARK,SOOBIN,,239,3,8,57958,-17180,492741,-11245,21344235
2025-11-06,34,Mất Kết Nối,Dương Domic,,350,1,2,57907,-3341,419865,-4652,41879430
2025-11-06,35,Love is,Dangrangto,,377,7,0,56783,4523,369155,4756,23660503
2025-11-06,36,Nơi Này Có Anh,Sơn Tùng M-TP,,2124,7,0,56482,-2787,382309,9063,32174382
2025-11-06,37,Ngày Này Năm Ấy,Việt Anh,,90,11,0,56060,-5949,402144,-3422,5235798
2025-11-06,38,Giờ Thì,buitruonglinh,,326,10,0,54706,-2977,379393,8269,17931321
2025-11-06,39,Vì Anh Đâu Có Biết,Madihu,Vũ.,1191,2,10,54260,3261,403918,14491,57329163
2025-11-06,41,ĐOẠN KỊCH CÂM,ANH TRAI SAY HI,"CONGB, Negav, B Ray, CODYNAMVO, Pham Dinh Thai Ngan, Mỹ Mỹ",4,29,0,53253,-10446,210541,53253,210541
2025-11-06,42,Có Đôi Điều,Shiki,,311,9,0,52608,163,349574,1145,20800583
2025-11-06,43,ANH LÀ THẰNG TỒI,Phùng Khánh Linh,,18,32,0,52146,-3186,386067,-5814,855853
2025-11-06,44,vaicaunoicokhiennguoithaydoi,GREY D,tlinh,1236,1,6,51371,-713,371303,1669,58126621
2025-11-06,45,một bài hát không vui mấy - Extended Version,T.R.I,"Dangrangto, Donal",306,17,0,51078,-5630,364939,-9367,16060201
2025-11-06,47,Anh Đã Quen Với Cô Đơn,SOOBIN,,371,47,0,49917,9066,260689,14674,8931596
2025-11-06,48,Buông Đôi Tay Nhau Ra,Sơn Tùng M-TP,,846,3,1,49506,-5976,378744,-14372,24572379
2025-11-06,49,tâm trí lang thang,Ánh Sáng AZA,Negav,156,7,0,49461,-1171,352816,1216,7547915
2025-11-06,50,Thằng Điên,JustaTee,Phương Ly,1127,18,0,48868,4346,312643,5036,34512713
2025-11-06,51,Lạ Lùng,Vũ.,,2744,12,0,48437,1655,323919,-44,40359048
2025-11-06,52,Có Em,Madihu,Low G,1281,2,1,48248,803,389544,322,42273255
2025-11-06,53,PHÓNG ZÌN ZÌN,tlinh,Low G,414,4,0,47887,-5938,342489,-3675,33934295
2025-11-06,54,Bầu Trời Mới,Da LAB,Minh Tốc & Lam,400,6,0,47866,-764,313513,-376,28608763
2025-11-06,55,10 Ngàn Năm,PC,,1241,25,0,46438,70,348935,-5593,32789038
2025-11-06,56,1000 Ánh Mắt,Shiki,Obito,497,8,0,45722,173,307283,-4586,24079794
2025-11-06,57,Thức Giấc,Da LAB,,1577,1,16,45538,-2391,333061,9753,44015295
2025-11-06,58,dự báo thời tiết hôm nay mưa,GREY D,,1080,5,0,45227,5417,276855,8391,35464792
2025-11-06,59,nhắn nhủ,Ronboogz,,693,9,0,45036,506,349821,-5820,36683074
2025-11-06,60,Đường Tôi Chở Em Về,buitruonglinh,,1093,13,0,44977,-1457,290778,4575,18761876
2025-11-06,61,Tràn Bộ Nhớ,Dương Domic,,349,5,0,44646,-4664,352924,-1688,22765005
2025-11-06,62,Vet Mua,Vũ Cát Tường,,546,37,0,44499,-50,299410,-2103,13877766
2025-11-06,63,Còn Gì Đẹp Hơn - Mưa Đỏ Original Soundtrack,Nguyễn Hùng,,101,1,1,44481,394,323885,-5597,7763269
2025-11-06,64,Không Yêu Em Thì Yêu Ai?,Vũ.,Low G,406,14,0,44238,-7347,339727,-3999,21584976
2025-11-06,65,id 072019,W/N,,829,3,9,43989,-11274,331536,-6364,45050563
2025-11-06,66,Tháng Năm,SOOBIN,,1065,5,0,43916,832,304056,-4865,19780671
2025-11-06,67,Chịu Cách Mình Nói Thua,RHYDER,"Coolkid, BAN",716,4,0,43677,-1413,307049,6539,51053031
2025-11-06,68,Bước Qua Mùa Cô Đơn,Vũ.,,1686,1,8,43519,2003,309943,1933,37067022
2025-11-06,69,Xin Đừng Lặng Im,SOOBIN,,164,33,0,43217,4348,274957,6211,5862617
2025-11-06,70,tình yêu chậm trễ,MONSTAR,,1044,39,0,42770,6213,278694,1492,29082947
2025-11-06,71,Chúng Ta Của Hiện Tại,Sơn Tùng M-TP,,1783,1,81,42492,3641,269878,5232,58207800
2025-11-06,72,MOIEM,Dangrangto,DONAL,364,22,0,41600,4406,257099,2456,14963338
2025-11-06,73,Vùng An Toàn,B Ray,V#,122,3,8,41475,3224,281076,-1020,7566091
2025-11-06,74,Hà Nội,Obito,"Shiki, VSTRA",485,11,0,41339,10,296700,1194,22963225
2025-11-06,75,Nghe Như Tình Yêu,HIEUTHUHAI,,1509,30,0,41099,2078,228849,15275,39035378
2025-11-06,76,Hư không,Kha,,665,18,0,41027,2442,285798,750,26022697
2025-11-06,77,Sau Cơn Mưa,CoolKid,RHYDER,796,7,0,41010,-5894,308055,-11466,50971294
2025-11-06,78,Nếu Những Tiếc Nuối,Vũ.,,197,34,0,40776,4308,255522,5744,7133839
2025-11-06,79,Ghé Qua,PC,"Dick, tofutns",451,44,0,40329,-2982,287334,-6640,13588857
2025-11-06,80,Người Bình Thường,Vũ Cát Tường,,242,43,0,39846,1169,248776,2444,7241843
2025-11-06,81,nếu lúc đó,tlinh,2pillz,981,1,17,39770,585,266849,5423,59485560
2025-11-06,82,Lễ Đường,Kai Đinh,,240,3,12,39724,5807,263394,2310,14926592
2025-11-06,83,Nắng Ấm Trong Tim,Duongg,Dadeon,11,52,0,39521,-10111,299802,-1431,424273
2025-11-06,84,Đừng Làm Trái Tim Anh Đau,Sơn Tùng M-TP,,517,1,20,39418,-541,291032,-1854,50120097
2025-11-06,85,Hẹn Gặp Em Dưới Ánh Trăng,MANBO,"HIEUTHUHAI, HURRYKNG",623,15,0,39097,775,271063,-5962,29312569
2025-11-06,86,Sài Gòn Hôm Nay Mưa,JSOL,Hoàng Duyên,1622,2,7,38907,-2282,270712,4457,46796458
2025-11-06,87,2AM,JustaTee,BigDaddy,1273,14,0,38491,-8200,325663,-8651,35411561
2025-11-06,88,bao tiền một mớ bình yên?,14 Casper,Bon Nghiêm,1341,7,0,38253,4063,225715,4964,42828473
2025-11-06,89,Love Game,Low G,tlinh,56,3,2,38222,-3609,302702,-9254,3476843
2025-11-06,90,Nếu Biết Đó Là Lần Cuối,Đức Trường,BMZ,78,70,0,37956,2890,271202,-2438,2140771
2025-11-06,91,Kịch Bản,Táo,Hoàng Yến Chibi,12,38,0,37790,-5169,321194,-10410,526399
2025-11-06,92,HƠN LÀ BẠN,ANH TRAI SAY HI,"Ngô Kiến Huy, Vũ Cát Tường, Karik, VƯƠNG BÌNH, Sơn.K, Min",3,73,0,37528,-4985,113227,37528,113227
2025-11-06,93,Bạn Đời,Karik,GDucky,764,5,0,37181,195,254685,3132,34139140
2025-11-06,94,ex's hate me Pt.2,AMEE,,489,67,0,37030,1382,247487,2731,13525443
2025-11-06,96,Nhiều Hơn,Low G,,16,53,0,36877,-3813,278362,-8988,581197
2025-11-06,97,Đã Lỡ Yêu Em Nhiều,JustaTee,,950,59,0,36135,-7290,280064,371,15736351
2025-11-06,98,Kho Báu,TRONG,Rhymastic,84,3,9,34864,-573,239419,435,5630973
2025-11-06,99,Panorama,Richie D. ICY,Obito,27,13,0,34182,-488,248470,-6425,1529968
2025-11-06,100,Những Lời Hứa Bỏ Quên,Vũ.,Dear Jane,693,1,9,34109,4933,230459,2166,40969278
2025-11-07,2,chẳng phải tình đầu sao đau đến thế,MIN,"Dangrangto, antransax",16,2,8,135210,-16586,1035144,-2276,2076082
2025-11-07,3,Em,Binz,,13,3,3,131897,1532,800909,42546,1228361
2025-11-07,4,Không Buông,Hngle,Ari,67,2,18,126325,-2656,889906,1123,7372208
2025-11-07,5,In Love,Low G,JustaTee,17,2,3,111920,-1764,881773,-12861,1930160
2025-11-07,6,NGƯỜI ĐẦU TIÊN,EM XINH SAY HI,Juky San,81,2,1,111767,-9385,812366,40989,7349912
2025-11-07,7,Người Đầu Tiên,Juky San,buitruonglinh,8,7,0,101689,16760,454728,66477,489940
2025-11-07,9,Âm Thầm Bên Em,Sơn Tùng M-TP,,1844,4,0,98637,6813,609922,13234,44566985
2025-11-07,10,Không Thời Gian,Dương Domic,,47,6,0,93230,4609,652948,22815,3685109
2025-11-07,11,Wrong Times,Puppy,Dangrangto,721,3,16,90743,-36,624564,7384,49572443
2025-11-07,12,Exit Sign,HIEUTHUHAI,marzuz,612,3,1,89812,560,592792,1024,54494447
2025-11-07,13,Anh Đã Không Biết Cách Yêu Em,Quang Đăng Trần,,97,8,0,86083,4808,547366,8407,6062414
2025-11-07,14,Ngàn Năm Ánh Sáng,Đặng Vĩnh Thịnh,BMZ,93,5,0,84213,7284,481487,11548,6078306
2025-11-07,15,Phép Màu,MAYDAYs,Minh Tốc & Lam,257,2,12,84212,4107,571637,11300,22959851
2025-11-07,16,Nắng có mang em về,Shartnuss,"Tr.D, Phankeo",632,4,0,82962,-11850,636418,-4346,27019280
2025-11-07,17,DANCING IN THE DARK,SOOBIN,,240,3,8,81548,23590,503692,10951,21425783
2025-11-07,18,vạn vật như muốn ta bên nhau,RIO,,211,4,0,80903,4192,505148,8435,14918216
2025-11-07,19,Mo,Vũ Cát Tường,,1138,4,0,77493,-10957,584570,-11030,38096335
2025-11-07,20,Bình Yên,Vũ.,Binz,436,3,5,75102,-12673,541187,8998,39429056
2025-11-07,21,Từng Ngày Yêu Em,buitruonglinh,,307,8,0,73826,96,555875,8145,20468713
2025-11-07,22,Chuyện Đôi Ta,Emcee L (Da Lab),Muộii (Starry Night),1437,2,7,73116,-7736,537403,-9201,68512977
2025-11-07,23,KHÔNG ĐAU NỮA RỒI,EM XINH SAY HI,"52Hz, Orange, Châu Bùi, Mỹ Mỹ, Pháp Kiều",138,1,1,69710,-3232,503178,-3859,11552183
2025-11-07,24,NGƯỜI NHƯ ANH XỨNG ĐÁNG CÔ ĐƠN,ANH TRAI SAY HI,"Vũ Cát Tường, Karik, Negav, Ngô Kiến Huy, Jey B",40,2,5,69224,-2,473685,-7514,4156263
2025-11-07,25,giá như,SOOBIN,,576,9,0,68866,6747,425276,1588,27478171
2025-11-07,26,Không Thể Say,HIEUTHUHAI,,934,7,0,68703,3847,464818,10701,57097265
2025-11-07,27,vết thương,Fishy,,174,10,0,68662,-8299,497645,-1022,9233489
2025-11-07,28,một đời,14 Casper,"Bon Nghiêm, buitruonglinh",586,10,0,68633,-20053,492903,-9997,31067981
2025-11-07,29,Lý Do Nào Để Quay Lại Với Nhau,PAR SG,New$oulZ,395,8,0,65224,5160,470446,-7364,11528934
2025-11-07,30,Nếu Ngày Ấy,SOOBIN,,316,26,0,63018,-3778,406513,11842,9964821
2025-11-07,31,Ngày Này Năm Ấy,Việt Anh,,91,11,0,61784,5724,404338,2194,5297582
2025-11-07,32,Mất Kết Nối,Dương Domic,,351,1,2,61321,3414,419372,-493,41940751
2025-11-07,33,TIẾC CHO EM,RHYDER,,22,7,0,60832,673,392297,5607,1292586
2025-11-07,34,vaicaunoicokhiennguoithaydoi,GREY D,tlinh,1237,1,6,58557,7186,381703,10400,58185178
2025-11-07,35,Buông Đôi Tay Nhau Ra,Sơn Tùng M-TP,,847,3,1,57446,7940,381489,2745,24629825
2025-11-07,36,ĐOẠN KỊCH CÂM,ANH TRAI SAY HI,"CONGB, Negav, B Ray, CODYNAMVO, Pham Dinh Thai Ngan, Mỹ Mỹ",5,29,0,55763,2510,266304,55763,266304
2025-11-07,37,Nơi Này Có Anh,Sơn Tùng M-TP,,2125,7,0,55314,-1168,383751,1442,32229696
2025-11-07,38,một bài hát không vui mấy - Extended Version,T.R.I,"Dangrangto, Donal",307,17,0,54358,3280,365163,224,16114559
2025-11-07,39,2AM,JustaTee,BigDaddy,1274,14,0,54311,15820,331696,6033,35465872
2025-11-07,40,Vì Anh Đâu Có Biết,Madihu,Vũ.,1192,2,10,53704,-556,408177,4259,57382867
2025-11-07,41,Nói Dối,Ronboogz,,733,3,3,53121,-5971,436871,-19001,28327919
2025-11-07,42,Bầu Trời Mới,Da LAB,Minh Tốc & Lam,401,6,0,51570,3704,320465,6952,28660333
2025-11-07,43,Nắng Ấm Trong Tim,Duongg,Dadeon,12,43,0,51345,11824,311285,11483,475618
2025-11-07,44,Có Đôi Điều,Shiki,,312,9,0,51194,-1414,351926,2352,20851777
2025-11-07,47,id 072019,W/N,,830,3,9,49868,5879,339211,7675,45100431
2025-11-07,48,PHÓNG ZÌN ZÌN,tlinh,Low G,415,4,0,49703,1816,343169,680,33983998
2025-11-07,49,10 Ngàn Năm,PC,,1242,25,0,49101,2663,346875,-2060,32838139
2025-11-07,50,ANH LÀ THẰNG TỒI,Phùng Khánh Linh,,19,32,0,48811,-3335,379978,-6089,904664
2025-11-07,51,Tràn Bộ Nhớ,Dương Domic,,350,5,0,48686,4040,355938,3014,22813691
2025-11-07,52,Chúng Ta Của Hiện Tại,Sơn Tùng M-TP,,1784,1,81,48485,5993,277277,7399,58256285
2025-11-07,53,Còn Gì Đẹp Hơn - Mưa Đỏ Original Soundtrack,Nguyễn Hùng,,102,1,1,47990,3509,322433,-1452,7811259
2025-11-07,54,Love is,Dangrangto,,378,7,0,47744,-9039,365077,-4078,23708247
2025-11-07,55,dự báo thời tiết hôm nay mưa,GREY D,,1081,5,0,47514,2287,292706,15851,35512306
2025-11-07,56,Có Em,Madihu,Low G,1282,2,1,46751,-1497,379075,-10469,42320006
2025-11-07,57,Vùng An Toàn,B Ray,V#,123,3,8,46353,4878,291176,10100,7612444
2025-11-07,58,Giờ Thì,buitruonglinh,,327,10,0,45853,-8853,374588,-4805,17977174
2025-11-07,59,Sinh Ra Đã Là Thứ Đối Lập Nhau,Emcee L,"Da LAB, Badbies",1513,16,0,45770,-14890,370796,-4389,52384870
2025-11-07,60,Lạ Lùng,Vũ.,,2745,12,0,45329,-3108,324045,126,40404377
2025-11-07,61,Không Yêu Em Thì Yêu Ai?,Vũ.,Low G,407,14,0,43893,-345,341300,1573,21628869
2025-11-07,62,Đừng Làm Trái Tim Anh Đau,Sơn Tùng M-TP,,518,1,20,43364,3946,289656,-1376,50163461
2025-11-07,63,tâm trí lang thang,Ánh Sáng AZA,Negav,157,7,0,42997,-6464,344296,-8520,7590912
2025-11-07,64,Xin Đừng Lặng Im,SOOBIN,,165,33,0,42707,-510,277955,2998,5905324
2025-11-07,65,nếu lúc đó,tlinh,2pillz,982,1,17,42618,2848,272990,6141,59528178
2025-11-07,66,Hẹn Gặp Em Dưới Ánh Trăng,MANBO,"HIEUTHUHAI, HURRYKNG",624,15,0,42472,3375,271279,216,29355041
2025-11-07,67,Nếu Biết Đó Là Lần Cuối,Đức Trường,BMZ,79,67,0,41853,3897,275019,3817,2182624
2025-11-07,68,Thức Giấc,Da LAB,,1578,1,16,41525,-4013,333995,934,44056820
2025-11-07,69,Tháng Năm,SOOBIN,,1066,5,0,41037,-2879,296305,-7751,19821708
2025-11-07,70,Thằng Điên,JustaTee,Phương Ly,1128,18,0,40933,-7935,314287,1644,34553646
2025-11-07,71,Những Lời Hứa Bỏ Quên,Vũ.,Dear Jane,694,1,9,40689,6580,239369,8910,41009967
2025-11-07,72,Bạn Đời,Karik,GDucky,765,5,0,40569,3388,256729,2044,34179709
2025-11-07,73,Chịu Cách Mình Nói Thua,RHYDER,"Coolkid, BAN",717,4,0,40247,-3430,308462,1413,51093278
2025-11-07,74,Kịch Bản,Táo,Hoàng Yến Chibi,13,38,0,40015,2225,313680,-7514,566414
2025-11-07,75,1000 Ánh Mắt,Shiki,Obito,498,8,0,39985,-5737,304016,-3267,24119779
2025-11-07,76,tình yêu chậm trễ,MONSTAR,,1045,39,0,39399,-3371,283955,5261,29122346
2025-11-07,77,Bước Qua Mùa Cô Đơn,Vũ.,,1687,1,8,39228,-4291,304323,-5620,37106250
2025-11-07,79,nhắn nhủ,Ronboogz,,694,9,0,39064,-5972,335387,-14434,36722138
2025-11-07,80,Em Không Cần,Hannie,,14,67,0,39029,5313,251539,3571,513502
2025-11-07,81,Love Game,Low G,tlinh,57,3,2,38267,45,297548,-5154,3515110
2025-11-07,82,Kho Báu,TRONG,Rhymastic,85,3,9,38067,3203,242054,2635,5669040
2025-11-07,83,Hà Nội,Obito,"Shiki, VSTRA",486,11,0,37686,-3653,290710,-5990,23000911
2025-11-07,84,Từng Là,Vũ Cát Tường,,617,2,12,37523,6335,225520,1347,36412234
2025-11-07,85,Bông Hoa Đẹp Nhất,Quân A.P,,707,31,0,37477,3697,227539,8283,6039669
2025-11-07,86,Đường Tôi Chở Em Về,buitruonglinh,,1094,13,0,37411,-7566,288101,-2677,18799287
2025-11-07,87,MOIEM,Dangrangto,DONAL,365,22,0,37016,-4584,261241,4142,15000354
2025-11-07,88,Nếu Những Tiếc Nuối,Vũ.,,198,34,0,36759,-4017,260994,5472,7170598
2025-11-07,89,Anh Đã Quen Với Cô Đơn,SOOBIN,,372,47,0,36461,-13456,263577,2888,8968057
2025-11-07,90,Nhiều Hơn,Low G,,17,53,0,36415,-462,273501,-4861,617612
2025-11-07,91,Vet Mua,Vũ Cát Tường,,547,37,0,35503,-8996,294676,-4734,13913269
2025-11-07,92,Sau Cơn Mưa,CoolKid,RHYDER,797,7,0,35203,-5807,292896,-15159,51006497
2025-11-07,93,Hư không,Kha,,666,18,0,35137,-5890,278853,-6945,26057834
2025-11-07,94,Người Bình Thường,Vũ Cát Tường,,243,43,0,34858,-4988,249927,1151,7276701
2025-11-07,95,Lễ Đường,Kai Đinh,,241,3,12,34790,-4934,259142,-4252,14961382
2025-11-07,96,Sài Gòn Hôm Nay Mưa,JSOL,Hoàng Duyên,1623,2,7,34602,-4305,270695,-17,46831060
2025-11-07,97,Ghé Qua,PC,"Dick, tofutns",452,44,0,34495,-5834,275169,-12165,13623352
2025-11-07,98,Nằm Bên Anh,Minh Đinh,Hà An Huy,158,15,0,34441,345,230864,-1348,7069509
2025-11-07,99,Muộn Rồi Mà Sao Còn,Sơn Tùng M-TP,,1654,1,33,34005,3368,226105,4108,49168714
2025-11-07,100,ex's hate me Pt.2,AMEE,,490,67,0,33617,-3413,247661,174,13559060
2025-11-08,2,chẳng phải tình đầu sao đau đến thế,MIN,"Dangrangto, antransax",17,2,9,149748,14538,1056364,21220,2225830
2025-11-08,3,Em,Binz,,14,3,4,129740,-2157,841852,40943,1358101
2025-11-08,4,Không Buông,Hngle,Ari,68,2,18,121167,-5158,887960,-1946,7493375
2025-11-08,5,In Love,Low G,JustaTee,18,2,3,116319,4399,863646,-18127,2046479
2025-11-08,6,Không Thời Gian,Dương Domic,,48,6,0,109923,16693,665163,12215,3795032
2025-11-08,8,NGƯỜI ĐẦU TIÊN,EM XINH SAY HI,Juky San,82,2,1,95143,-16624,798842,-13524,7445055
2025-11-08,9,Người Đầu Tiên,Juky San,buitruonglinh,9,7,0,91639,-10050,508842,54114,581579
2025-11-08,10,Nắng có mang em về,Shartnuss,"Tr.D, Phankeo",633,4,0,86680,3718,628707,-7711,27105960
2025-11-08,11,Âm Thầm Bên Em,Sơn Tùng M-TP,,1845,4,0,86188,-12449,613019,3097,44653173
2025-11-08,12,Exit Sign,HIEUTHUHAI,marzuz,613,3,1,82152,-7660,586180,-6612,54576599
2025-11-08,13,Bình Yên,Vũ.,Binz,437,3,5,77727,2625,536760,-4427,39506783
2025-11-08,14,Wrong Times,Puppy,Dangrangto,722,3,16,76667,-14076,617882,-6682,49649110
2025-11-08,15,Từng Ngày Yêu Em,buitruonglinh,,308,8,0,76067,2241,557914,2039,20544780
2025-11-08,16,Phép Màu,MAYDAYs,Minh Tốc & Lam,258,2,12,75982,-8230,566916,-4721,23035833
2025-11-08,17,Anh Đã Không Biết Cách Yêu Em,Quang Đăng Trần,,98,8,0,75303,-10780,544674,-2692,6137717
2025-11-08,18,Mo,Vũ Cát Tường,,1139,4,0,74366,-3127,578373,-6197,38170701
2025-11-08,19,Chuyện Đôi Ta,Emcee L,Muộii (Starry Night),1438,2,7,74202,1086,532635,-4768,68587179
2025-11-08,20,vạn vật như muốn ta bên nhau,RIO,,212,4,0,68214,-12689,501534,-3614,14986430
2025-11-08,21,Không Thể Say,HIEUTHUHAI,,935,7,0,68090,-613,467659,2841,57165355
2025-11-08,22,DANCING IN THE DARK,SOOBIN,,241,3,8,67299,-14249,498071,-5621,21493082
2025-11-08,23,vết thương,Fishy,,175,10,0,66885,-1777,496073,-1572,9300374
2025-11-08,24,Lý Do Nào Để Quay Lại Với Nhau,PAR SG,New$oulZ,396,8,0,66315,1091,455380,-15066,11595249
2025-11-08,25,Buông Đôi Tay Nhau Ra,Sơn Tùng M-TP,,848,3,1,64551,7105,390946,9457,24694376
2025-11-08,26,một đời,14 Casper,"Bon Nghiêm, buitruonglinh",587,10,0,61091,-7542,483658,-9245,31129072
2025-11-08,27,TIẾC CHO EM,RHYDER,,23,7,0,60407,-425,399933,7636,1352993
2025-11-08,28,Ngàn Năm Ánh Sáng,Đặng Vĩnh Thịnh,BMZ,94,5,0,60309,-23904,472664,-8823,6138615
2025-11-08,29,một bài hát không vui mấy - Extended Version,T.R.I,"Dangrangto, Donal",308,17,0,57523,3165,371328,6165,16172082
2025-11-08,30,Mất Kết Nối,Dương Domic,,352,1,2,56462,-4859,412017,-7355,41997213
2025-11-08,31,giá như,SOOBIN,,577,9,0,55812,-13054,426256,980,27533983
2025-11-08,32,NGƯỜI NHƯ ANH XỨNG ĐÁNG CÔ ĐƠN,ANH TRAI SAY HI,"Vũ Cát Tường, Karik, Negav, Ngô Kiến Huy, Jey B",41,2,5,55489,-13735,468413,-5272,4211752
2025-11-08,33,KHÔNG ĐAU NỮA RỒI,EM XINH SAY HI,"52Hz, Orange, Châu Bùi, Mỹ Mỹ, Pháp Kiều",139,1,1,54954,-14756,489080,-14098,11607137
2025-11-08,34,Nếu Ngày Ấy,SOOBIN,,317,26,0,54904,-8114,413117,6604,10019725
2025-11-08,35,Sinh Ra Đã Là Thứ Đối Lập Nhau,Emcee L,"Da LAB, Badbies",1514,16,0,54886,9116,378420,7624,52439756
2025-11-08,36,ANH LÀ THẰNG TỒI,Phùng Khánh Linh,,20,32,0,54655,5844,377925,-2053,959319
2025-11-08,37,Nơi Này Có Anh,Sơn Tùng M-TP,,2126,7,0,54238,-1076,377421,-6330,32283934
2025-11-08,38,Ngày Này Năm Ấy,Việt Anh,,92,11,0,53200,-8584,399331,-5007,5350782
2025-11-08,39,2AM,JustaTee,BigDaddy,1275,14,0,53072,-1239,335778,4082,35518944
2025-11-08,40,Có Em,Madihu,Low G,1283,2,1,52354,5603,380162,1087,42372360
2025-11-08,41,Nói Dối,Ronboogz,,734,3,3,52327,-794,422747,-14124,28380246
2025-11-08,42,Tràn Bộ Nhớ,Dương Domic,,351,5,0,50948,2262,351327,-4611,22864639
2025-11-08,43,Love is,Dangrangto,,379,7,0,50447,2703,361501,-3576,23758694
2025-11-08,44,Có Đôi Điều,Shiki,,313,9,0,50423,-771,352206,280,20902200
2025-11-08,46,id 072019,W/N,,831,3,9,49296,-572,344719,5508,45149727
2025-11-08,47,PHÓNG ZÌN ZÌN,tlinh,Low G,416,4,0,48849,-854,344967,1798,34032847
2025-11-08,48,Bầu Trời Mới,Da LAB,Minh Tốc & Lam,402,6,0,48569,-3001,325637,5172,28708902
2025-11-08,49,Không Yêu Em Thì Yêu Ai?,Vũ.,Low G,408,14,0,48038,4145,340809,-491,21676907
2025-11-08,50,Giờ Thì,buitruonglinh,,328,10,0,47769,1916,372059,-2529,18024943
2025-11-08,51,ĐOẠN KỊCH CÂM,ANH TRAI SAY HI,"CONGB, Negav, B Ray, CODYNAMVO, Pham Dinh Thai Ngan, Mỹ Mỹ",6,29,0,47592,-8171,313896,47592,313896
2025-11-08,52,vaicaunoicokhiennguoithaydoi,GREY D,tlinh,1238,1,6,47351,-11206,381422,-281,58232529
2025-11-08,54,Đừng Làm Trái Tim Anh Đau,Sơn Tùng M-TP,,519,1,20,46729,3365,293223,3567,50210190
2025-11-08,55,Lạ Lùng,Vũ.,,2746,12,0,46136,807,322646,-1399,40450513
2025-11-08,56,Còn Gì Đẹp Hơn - Mưa Đỏ Original Soundtrack,Nguyễn Hùng,,103,1,1,45898,-2092,315609,-6824,7857157
2025-11-08,57,dự báo thời tiết hôm nay mưa,GREY D,,1082,5,0,44759,-2755,302381,9675,35557065
2025-11-08,58,Vet Mua,Vũ Cát Tường,,548,37,0,44364,8861,295157,481,13957633
2025-11-08,59,Vì Anh Đâu Có Biết,Madihu,Vũ.,1193,2,10,44211,-9493,381947,-26230,57427078
2025-11-08,60,10 Ngàn Năm,PC,,1243,25,0,43646,-5455,339621,-7254,32881785
2025-11-08,61,tâm trí lang thang,Ánh Sáng AZA,Negav,158,7,0,43056,59,340325,-3971,7633968
2025-11-08,62,Kịch Bản,Táo,Hoàng Yến Chibi,14,38,0,42848,2833,302437,-11243,609262
2025-11-08,63,Hẹn Gặp Em Dưới Ánh Trăng,MANBO,"HIEUTHUHAI, HURRYKNG",625,15,0,42750,278,274566,3287,29397791
2025-11-08,64,Nắng Ấm Trong Tim,Duongg,Dadeon,13,43,0,42665,-8680,310930,-355,518283
2025-11-08,65,Tháng Năm,SOOBIN,,1067,5,0,42602,1565,292444,-3861,19864310
2025-11-08,66,Đường Tôi Chở Em Về,buitruonglinh,,1095,13,0,42020,4609,287478,-623,18841307
2025-11-08,67,1000 Ánh Mắt,Shiki,Obito,499,8,0,41947,1962,303056,-960,24161726
2025-11-08,68,Em Không Cần,Hannie,,15,67,0,41459,2430,261969,10430,554961
2025-11-08,69,Sau Cơn Mưa,CoolKid,RHYDER,798,7,0,41352,6149,292081,-815,51047849
2025-11-08,70,nhắn nhủ,Ronboogz,,695,9,0,41229,2165,318951,-16436,36763367
2025-11-08,71,Chúng Ta Của Hiện Tại,Sơn Tùng M-TP,,1785,1,81,41202,-7283,279486,2209,58297487
2025-11-08,72,Chịu Cách Mình Nói Thua,RHYDER,"Coolkid, BAN",718,4,0,40939,692,303323,-5139,51134217
2025-11-08,73,Xin Đừng Lặng Im,SOOBIN,,166,33,0,40766,-1941,281023,3068,5946090
2025-11-08,74,nếu lúc đó,tlinh,2pillz,983,1,17,40185,-2433,274699,1709,59568363
2025-11-08,75,MOIEM,Dangrangto,DONAL,366,22,0,40079,3063,268587,7346,15040433
2025-11-08,76,Bước Qua Mùa Cô Đơn,Vũ.,,1688,1,8,40028,800,301805,-2518,37146278
2025-11-08,77,Nếu Biết Đó Là Lần Cuối,Đức Trường,BMZ,80,67,0,39975,-1878,275310,291,2222599
2025-11-08,78,Sài Gòn Hôm Nay Mưa,JSOL,Hoàng Duyên,1624,2,7,38825,4223,273284,2589,46869885
2025-11-08,79,ĐỢI,52Hz,"WEAN, RIO",475,40,0,38795,13555,250703,-3911,15383105
2025-11-08,80,Hà Nội,Obito,"Shiki, VSTRA",487,11,0,38752,1066,279855,-10855,23039663
2025-11-08,81,tình yêu chậm trễ,MONSTAR,,1046,39,0,38533,-866,280247,-3708,29160879
2025-11-08,82,Đánh Đổi,Obito,"Shiki, RPT MCK",487,46,0,38185,5073,225284,6416,17502019
2025-11-08,83,Bạn Đời,Karik,GDucky,766,5,0,38155,-2414,256937,208,34217864
2025-11-08,84,Vùng An Toàn,B Ray,V#,124,3,8,37859,-8494,288703,-2473,7650303
2025-11-08,85,Lễ Đường,Kai Đinh,,242,3,12,37770,2980,259328,186,14999152
2025-11-08,86,Nhiều Hơn,Low G,,18,53,0,37443,1028,278129,4628,655055
2025-11-08,87,Muộn Rồi Mà Sao Còn,Sơn Tùng M-TP,,1655,1,33,37356,3351,231081,4976,49206070
2025-11-08,88,Cho Mình Em,Binz,Đen,710,27,0,36831,10592,244334,-1151,9256550
2025-11-08,89,Nghe Như Tình Yêu,HIEUTHUHAI,,1511,30,0,36262,3794,236956,3707,39104108
2025-11-08,90,Love Game,Low G,tlinh,58,3,2,36091,-2176,289059,-8489,3551201
2025-11-08,91,Ghé Qua,PC,"Dick, tofutns",453,44,0,35705,1210,277030,1861,13659057
2025-11-08,92,Kho Báu,TRONG,Rhymastic,86,3,9,35534,-2533,245582,3528,5704574
2025-11-08,93,Anh Đã Quen Với Cô Đơn,SOOBIN,,373,47,0,35478,-983,266033,2456,9003535
2025-11-08,94,Đã Lỡ Yêu Em Nhiều,JustaTee,,952,59,0,35322,3336,270111,-1077,15803659
2025-11-08,95,Thích Quá Rùi Nà,tlinh,Trung Trần,1877,30,0,35276,2540,238766,2927,39928300
2025-11-08,96,Người Bình Thường,Vũ Cát Tường,,244,43,0,35125,267,250510,583,7311826
2025-11-08,97,Thằng Điên,JustaTee,Phương Ly,1129,18,0,34862,-6071,308100,-6187,34588508
2025-11-08,98,Thức Giấc,Da LAB,,1579,1,16,34769,-6756,315248,-18747,44091589
2025-11-08,99,đưa em về nhàa,GREY D,Chillies,928,3,1,34351,2633,218092,8124,36376703
2025-11-08,100,NGÂY THER,kidsai,"VSTRA, WHENITSASUNNIDAY",3,100,0,34338,8121,85421,34338,85421
2025-11-09,2,chẳng phải tình đầu sao đau đến thế,MIN,"Dangrangto, antransax",18,2,10,141188,-8560,1051931,-4433,2367018
2025-11-09,3,Không Buông,Hngle,Ari,69,2,18,121570,403,880155,-7805,7614945
2025-11-09,4,Em,Binz,,15,3,4,119113,-10627,867696,25844,1477214
2025-11-09,5,In Love,Low G,JustaTee,19,2,3,115766,-553,840336,-23310,2162245
2025-11-09,6,Người Đầu Tiên,Juky San,buitruonglinh,10,6,0,104683,13044,562955,54113,686262
2025-11-09,8,Không Thời Gian,Dương Domic,,49,6,0,90438,-19485,657422,-7741,3885470
2025-11-09,9,NGƯỜI ĐẦU TIÊN,EM XINH SAY HI,Juky San,83,2,1,89146,-5997,771040,-27802,7534201
2025-11-09,10,Âm Thầm Bên Em,Sơn Tùng M-TP,,1846,4,0,82627,-3561,617038,4019,44735800
2025-11-09,11,Nắng có mang em về,Shartnuss,"Tr.D, Phankeo",634,4,0,80348,-6332,609888,-18819,27186308
2025-11-09,12,Bình Yên,Vũ.,Binz,438,3,5,80252,2525,536840,80,39587035
2025-11-09,13,Wrong Times,Puppy,Dangrangto,723,3,16,78625,1958,614207,-3675,49727735
2025-11-09,14,vết thương,Fishy,,176,10,0,76904,10019,498883,2810,9377278
2025-11-09,15,Từng Ngày Yêu Em,buitruonglinh,,309,8,0,75094,-973,550249,-7665,20619874
2025-11-09,16,Mo,Vũ Cát Tường,,1140,4,0,75040,674,570997,-7376,38245741
2025-11-09,17,Chuyện Đôi Ta,Emcee L,Muộii (Starry Night),1439,2,7,71999,-2203,538249,5614,68659178
2025-11-09,18,Anh Đã Không Biết Cách Yêu Em,Quang Đăng Trần,,99,8,0,70014,-5289,537393,-7281,6207731
2025-11-09,19,Exit Sign,HIEUTHUHAI,marzuz,614,3,1,67338,-14814,570416,-15764,54643937
2025-11-09,20,Phép Màu,MAYDAYs,Minh Tốc & Lam,259,2,12,67048,-8934,543579,-23337,23102881
2025-11-09,21,Không Thể Say,HIEUTHUHAI,,936,7,0,65820,-2270,461570,-6089,57231175
2025-11-09,22,một đời,14 Casper,"Bon Nghiêm, buitruonglinh",588,10,0,64885,3794,481641,-2017,31193957
2025-11-09,23,DANCING IN THE DARK,SOOBIN,,242,3,8,64302,-2997,485238,-12833,21557384
2025-11-09,24,vạn vật như muốn ta bên nhau,RIO,,213,4,0,63456,-4758,490020,-11514,15049886
2025-11-09,25,Nói Dối,Ronboogz,,735,3,3,60742,8415,417042,-5705,28440988
2025-11-09,26,Vì Anh Đâu Có Biết,Madihu,Vũ.,1194,2,10,60138,15927,376186,-5761,57487216
2025-11-09,27,Buông Đôi Tay Nhau Ra,Sơn Tùng M-TP,,849,3,1,57820,-6731,395136,4190,24752196
2025-11-09,28,Lý Do Nào Để Quay Lại Với Nhau,PAR SG,New$oulZ,397,8,0,57683,-8632,441573,-13807,11652932
2025-11-09,29,TIẾC CHO EM,RHYDER,,24,7,0,55842,-4565,405373,5440,1408835
2025-11-09,30,PHÓNG ZÌN ZÌN,tlinh,Low G,417,4,0,55689,6840,347535,2568,34088536
2025-11-09,31,Nắng Ấm Trong Tim,Duongg,Dadeon,14,31,0,55375,12710,325242,14312,573658
2025-11-09,32,Nếu Ngày Ấy,SOOBIN,,318,26,0,55361,457,406111,-7006,10075086
2025-11-09,33,ANH LÀ THẰNG TỒI,Phùng Khánh Linh,,21,32,0,54659,4,371537,-6388,1013978
2025-11-09,34,Ngàn Năm Ánh Sáng,Đặng Vĩnh Thịnh,BMZ,95,5,0,54653,-5656,470156,-2508,6193268
2025-11-09,35,một bài hát không vui mấy - Extended Version,T.R.I,"Dangrangto, Donal",309,17,0,54307,-3216,374012,2684,16226389
2025-11-09,36,NGƯỜI NHƯ ANH XỨNG ĐÁNG CÔ ĐƠN,ANH TRAI SAY HI,"Vũ Cát Tường, Karik, Negav, Ngô Kiến Huy, Jey B",42,2,5,53111,-2378,459362,-9051,4264863
2025-11-09,37,KHÔNG ĐAU NỮA RỒI,EM XINH SAY HI,"52Hz, Orange, Châu Bùi, Mỹ Mỹ, Pháp Kiều",140,1,1,52720,-2234,467408,-21672,11659857
2025-11-09,38,Ngày Này Năm Ấy,Việt Anh,,93,11,0,50080,-3120,389607,-9724,5400862
2025-11-09,39,Bầu Trời Mới,Da LAB,Minh Tốc & Lam,403,6,0,50038,1469,328711,3074,28758940
2025-11-09,40,Thằng Điên,JustaTee,Phương Ly,1130,18,0,50011,15149,305038,-3062,34638519
2025-11-09,41,2AM,JustaTee,BigDaddy,1276,14,0,49814,-3258,340224,4446,35568758
2025-11-09,42,ĐOẠN KỊCH CÂM,ANH TRAI SAY HI,"CONGB, Negav, B Ray, CODYNAMVO, Pham Dinh Thai Ngan, Mỹ Mỹ",7,29,0,49655,2063,363551,49655,363551
2025-11-09,43,Mất Kết Nối,Dương Domic,,353,1,2,49506,-6956,396060,-15957,42046719
2025-11-09,44,Love is,Dangrangto,,380,7,0,49439,-1008,357728,-3773,23808133
2025-11-09,45,Có Đôi Điều,Shiki,,314,9,0,49413,-1010,350786,-1420,20951613
2025-11-09,46,giá như,SOOBIN,,578,9,0,48558,-7254,420206,-6050,27582541
2025-11-09,47,Nơi Này Có Anh,Sơn Tùng M-TP,,2127,7,0,48450,-5788,368079,-9342,32332384
2025-11-09,48,tâm trí lang thang,Ánh Sáng AZA,Negav,159,7,0,48114,5058,339403,-922,7682082
2025-11-09,49,Thức Giấc,Da LAB,,1580,1,16,47900,13131,307696,-7552,44139489
2025-11-09,50,Sinh Ra Đã Là Thứ Đối Lập Nhau,Emcee L,"Da LAB, Badbies",1515,16,0,47163,-7723,374944,-3476,52486919
2025-11-09,51,Không Yêu Em Thì Yêu Ai?,Vũ.,Low G,409,14,0,46880,-1158,331616,-9193,21723787
2025-11-09,52,vaicaunoicokhiennguoithaydoi,GREY D,tlinh,1239,1,6,46833,-518,369723,-11699,58279362
2025-11-09,54,Đừng Làm Trái Tim Anh Đau,Sơn Tùng M-TP,,520,1,20,46294,-435,296485,3262,50256484
2025-11-09,55,Giờ Thì,buitruonglinh,,329,10,0,46192,-1577,368574,-3485,18071135
2025-11-09,57,id 072019,W/N,,832,3,9,45019,-4277,342626,-2093,45194746
2025-11-09,58,Có Em,Madihu,Low G,1284,2,1,44956,-7398,359700,-20462,42417316
2025-11-09,59,Còn Gì Đẹp Hơn - Mưa Đỏ Original Soundtrack,Nguyễn Hùng,,104,1,1,44804,-1094,312866,-2743,7901961
2025-11-09,60,Vet Mua,Vũ Cát Tường,,549,37,0,44655,291,293306,-1851,14002288
2025-11-09,61,nếu lúc đó,tlinh,2pillz,984,1,17,44608,4423,277484,2785,59612971
2025-11-09,62,Tràn Bộ Nhớ,Dương Domic,,352,5,0,44570,-6378,339512,-11815,22909209
2025-11-09,63,10 Ngàn Năm,PC,,1244,25,0,43982,336,331442,-8179,32925767
2025-11-09,64,nhắn nhủ,Ronboogz,,696,9,0,43872,2643,311089,-7862,36807239
2025-11-09,65,Hẹn Gặp Em Dưới Ánh Trăng,MANBO,"HIEUTHUHAI, HURRYKNG",626,15,0,43645,895,279812,5246,29441436
2025-11-09,66,Hà Nội,Obito,"Shiki, VSTRA",488,11,0,42574,3822,278452,-1403,23082237
2025-11-09,67,Hư không,Kha,,668,18,0,42360,9374,272587,-5763,26133180
2025-11-09,68,Chịu Cách Mình Nói Thua,RHYDER,"Coolkid, BAN",719,4,0,41539,600,298498,-4825,51175756
2025-11-09,69,Đánh Đổi,Obito,"Shiki, RPT MCK",488,46,0,41405,3220,234859,9575,17543424
2025-11-09,70,Đường Tôi Chở Em Về,buitruonglinh,,1096,13,0,41186,-834,288209,731,18882493
2025-11-09,71,Thích Quá Rùi Nà,tlinh,Trung Trần,1878,30,0,41165,5889,244995,6229,39969465
2025-11-09,72,Đã Lỡ Yêu Em Nhiều,JustaTee,,953,59,0,40766,5444,276508,6397,15844425
2025-11-09,73,Tháng Năm,SOOBIN,,1068,5,0,40659,-1943,294930,2486,19904969
2025-11-09,74,ĐỢI,52Hz,"WEAN, RIO",476,40,0,40044,1249,247420,-3283,15423149
2025-11-09,75,dự báo thời tiết hôm nay mưa,GREY D,,1083,5,0,39730,-5029,303190,809,35596795
2025-11-09,76,Ghé Qua,PC,"Dick, tofutns",454,44,0,39179,3474,281042,4012,13698236
2025-11-09,77,HƠN LÀ BẠN,ANH TRAI SAY HI,"Ngô Kiến Huy, Vũ Cát Tường, Karik, VƯƠNG BÌNH, Sơn.K, Min",6,73,0,39112,5957,218457,39112,218457
2025-11-09,78,Em Không Cần,Hannie,,16,67,0,39086,-2373,265299,3330,594047
2025-11-09,79,Bước Qua Mùa Cô Đơn,Vũ.,,1689,1,8,38820,-1208,295860,-5945,37185098
2025-11-09,80,Kịch Bản,Táo,Hoàng Yến Chibi,15,38,0,38559,-4289,294020,-8417,647821
2025-11-09,81,1000 Ánh Mắt,Shiki,Obito,500,8,0,38429,-3518,300266,-2790,24200155
2025-11-09,82,Muộn Rồi Mà Sao Còn,Sơn Tùng M-TP,,1656,1,33,38102,746,235317,4236,49244172
2025-11-09,83,Cơn Mưa Cuối,JustaTee,Binz,12,83,0,38003,11733,176422,12440,320911
2025-11-09,84,Chúng Ta Của Hiện Tại,Sơn Tùng M-TP,,1786,1,81,37172,-4030,276867,-2619,58334659
2025-11-09,85,Người Bình Thường,Vũ Cát Tường,,245,43,0,36831,1706,255294,4784,7348657
2025-11-09,86,Nếu Biết Đó Là Lần Cuối,Đức Trường,BMZ,81,67,0,36368,-3607,268672,-6638,2258967
2025-11-09,87,Vùng An Toàn,B Ray,V#,125,3,8,36259,-1600,282831,-5872,7686562
2025-11-09,88,Lạ Lùng,Vũ.,,2747,12,0,36231,-9905,313354,-9292,40486744
2025-11-09,89,Cho Mình Em,Binz,Đen,711,27,0,35864,-967,247403,3069,9292414
2025-11-09,90,Nếu Những Tiếc Nuối,Vũ.,,200,34,0,35805,1835,256436,-2759,7240373
2025-11-09,91,Lễ Đường,Kai Đinh,,243,3,12,35721,-2049,258858,-470,15034873
2025-11-09,92,Xin Đừng Lặng Im,SOOBIN,,167,33,0,35543,-5223,279527,-1496,5981633
2025-11-09,93,Sài Gòn Hôm Nay Mưa,JSOL,Hoàng Duyên,1625,2,7,35064,-3761,267100,-6184,46904949
2025-11-09,94,MOIEM,Dangrangto,DONAL,367,22,0,34645,-5434,259950,-8637,15075078
2025-11-09,95,Bạn Đời,Karik,GDucky,767,5,0,34600,-3555,255840,-1097,34252464
2025-11-09,96,tình yêu chậm trễ,MONSTAR,,1047,39,0,34429,-4104,276221,-4026,29195308
2025-11-09,97,Anh Muốn Nhìn Thấy Em,The Wind,Dangrangto,330,51,0,34121,306,266350,-3853,10475497
2025-11-09,98,Dù Cho Mai Về Sau,buitruonglinh,,1678,9,0,33806,606,232430,-5810,33158072
2025-11-09,99,Love Game,Low G,tlinh,59,3,2,33562,-2529,273962,-15097,3584763
2025-11-09,100,Sau Cơn Mưa,CoolKid,RHYDER,799,7,0,33206,-8146,286419,-5662,51081055
